"","participant","nLL","kernel","acq","R2","kError","lambda","beta","tau","alpha","d","k","omega","ModelName","meanScore"
"1",1,313.450135239394,"BMT","UCB",0.665027440240112,8.47130437247938,NA,0.00803287829422771,0.00733852633150716,NA,NA,NA,0.00680267681948939,"BMT-UCB",81.5310230508071
"2",1,257.748977204535,"DF","UCB",0.724553206513196,NA,NA,0.183316088406939,0.0567202281206181,1.43773988006199,NA,NA,0.1792995071026,"DF-UCB",81.5310230508071
"3",1,328.007589802292,"Sticky","GM",0.649470427272809,NA,NA,NA,1.90597144249145,NA,NA,NA,10.1997031392599,"Sticky-GM",81.5310230508071
"4",1,233.276015092414,"dNN","GM",0.750706555457656,NA,NA,NA,0.069686137306933,NA,1,NA,0.188547827907809,"dNN-GM",81.5310230508071
"5",1,233.96094448741,"kNN","GM",0.749974596760234,NA,NA,NA,0.0679897428408881,NA,NA,2,0.186728081381724,"kNN-GM",81.5310230508071
"6",2,282.290527170485,"DF","UCB",0.698326560267563,NA,NA,0.186348749659256,0.0614186123796337,2.2883985967442,NA,NA,0.150490057609229,"DF-UCB",84.7213449673864
"7",2,285.249111794561,"kNN","GM",0.695164830367412,NA,NA,NA,0.067214446852417,NA,NA,2,0.151839729226123,"kNN-GM",84.7213449673864
"8",2,417.706302757623,"Sticky","GM",0.553612732195195,NA,NA,NA,0.147955686053123,NA,NA,NA,0.744025587531635,"Sticky-GM",84.7213449673864
"9",2,285.472285829548,"BMT","UCB",0.694926332535166,6.944373739493,NA,0.17170890428992,0.00733477435604733,NA,NA,NA,0.00681661236775025,"BMT-UCB",84.7213449673864
"10",2,284.353153400737,"dNN","GM",0.696122307946384,NA,NA,NA,0.0689118613522545,NA,1,NA,0.153567148539563,"dNN-GM",84.7213449673864
"11",3,712.999290052442,"DF","UCB",0.23804404450666,NA,NA,0.00673857811960503,0.244045767287196,1.34461626345593,NA,NA,0.851893170283384,"DF-UCB",58.7656505403272
"12",3,717.774511139209,"BMT","UCB",0.232940942446639,3.58752316264272,NA,0.00676107011120437,0.129222989325064,NA,NA,NA,0.424454658560756,"BMT-UCB",58.7656505403272
"13",3,711.181174940118,"kNN","GM",0.239986996844671,NA,NA,NA,0.228227017880216,NA,NA,2,0.816531787057695,"kNN-GM",58.7656505403272
"14",3,734.819866780638,"dNN","GM",0.21472520166584,NA,NA,NA,0.177642809834658,NA,16,NA,0.606579542428802,"dNN-GM",58.7656505403272
"15",3,724.439513226797,"Sticky","GM",0.225818301365693,NA,NA,NA,0.995041660094508,NA,NA,NA,3.65653510757021,"Sticky-GM",58.7656505403272
"16",4,415.288566945003,"DF","UCB",0.5561964769856,NA,NA,0.0067397471308573,0.0879966672806545,1.98950993630085,NA,NA,0.218874975032436,"DF-UCB",76.3071197825448
"17",4,405.774930782639,"dNN","GM",0.566363347883574,NA,NA,NA,0.0774132846559564,NA,1,NA,0.186410466955585,"dNN-GM",76.3071197825448
"18",4,453.068855412505,"BMT","UCB",0.515822080826029,11.0192623104853,NA,0.00736459260174578,0.0068607018166449,NA,NA,NA,0.0109176418367138,"BMT-UCB",76.3071197825448
"19",4,412.691981445141,"kNN","GM",0.558971351818115,NA,NA,NA,0.0774133061854548,NA,NA,1,0.186409585038249,"kNN-GM",76.3071197825448
"20",4,532.170800135493,"Sticky","GM",0.431288759806379,NA,NA,NA,0.582231226518802,NA,NA,NA,2.57636496258942,"Sticky-GM",76.3071197825448
"21",5,354.120231144695,"Sticky","GM",0.621564813814145,NA,NA,NA,1.1247112842456,NA,NA,NA,5.95626203098819,"Sticky-GM",78.7851783440536
"22",5,240.234758179818,"BMT","UCB",0.743270004240605,8.87769854431702,NA,0.0302691243442305,0.00676583219355951,NA,NA,NA,0.0129799456734773,"BMT-UCB",78.7851783440536
"23",5,246.180824137561,"DF","UCB",0.736915663596135,NA,NA,0.47896754367945,0.0733999125860825,1.37582463098056,NA,NA,0.409349251153575,"DF-UCB",78.7851783440536
"24",5,283.912923273022,"dNN","GM",0.696592765592387,NA,NA,NA,0.0805816308597807,NA,0,NA,0.226024201101021,"dNN-GM",78.7851783440536
"25",5,264.5461619458,"kNN","GM",0.717289306721915,NA,NA,NA,0.0884753030608123,NA,NA,0,0.255293629755063,"kNN-GM",78.7851783440536
"26",6,245.102341306459,"DF","UCB",0.738068198286591,NA,NA,0.00701191868431888,0.0688446976909599,0.0185581545191643,NA,NA,0.326841764758106,"DF-UCB",71.2045697876777
"27",6,239.144778896315,"kNN","GM",0.744434824764296,NA,NA,NA,0.0681400019715726,NA,NA,0,0.306406040410023,"kNN-GM",71.2045697876777
"28",6,263.278848196544,"Sticky","GM",0.718643638026583,NA,NA,NA,2.01357088202824,NA,NA,NA,11.3957685864653,"Sticky-GM",71.2045697876777
"29",6,244.441282260134,"dNN","GM",0.738774647625752,NA,NA,NA,0.064976182744488,NA,20,NA,0.253368516410562,"dNN-GM",71.2045697876777
"30",6,238.696071187524,"BMT","UCB",0.744914342087467,8.16166710187987,NA,0.00675622453288928,0.00906311374558381,NA,NA,NA,0.0386351998718194,"BMT-UCB",71.2045697876777
"31",7,550.101157305317,"DF","UCB",0.412127250643214,NA,NA,0.187385916303228,0.0624077338953931,0.576276737752698,NA,NA,0.138289119658214,"DF-UCB",75.8089132444191
"32",7,450.543288932366,"kNN","GM",0.518521060260349,NA,NA,NA,0.0804546532359267,NA,NA,1,0.161856605102373,"kNN-GM",75.8089132444191
"33",7,561.998413361375,"BMT","UCB",0.399413093374873,3.31599955913298,NA,0.0743210114002594,0.0374493642833473,NA,NA,NA,0.0636580445227797,"BMT-UCB",75.8089132444191
"34",7,450.54332409434,"dNN","GM",0.518521022684049,NA,NA,NA,0.0804547382410831,NA,1,NA,0.161856552609716,"dNN-GM",75.8089132444191
"35",7,592.026244397746,"Sticky","GM",0.367323461578707,NA,NA,NA,0.662655045970017,NA,NA,NA,2.85172099290704,"Sticky-GM",75.8089132444191
"36",8,198.679771237604,"DF","UCB",0.787678280970781,NA,NA,0.117442272705249,0.0442060733420222,1.50636549549363,NA,NA,0.160829782889987,"DF-UCB",74.2099141664303
"37",8,205.978591164089,"BMT","UCB",0.779878302220943,7.01619223988346,NA,0.00681933989573283,0.00676934693105624,NA,NA,NA,0.00683723004053656,"BMT-UCB",74.2099141664303
"38",8,192.08848747613,"kNN","GM",0.794722142004686,NA,NA,NA,0.0495622143250294,NA,NA,2,0.165884712324926,"kNN-GM",74.2099141664303
"39",8,278.844462151196,"Sticky","GM",0.702009242426014,NA,NA,NA,5.05611715357213,NA,NA,NA,29.1465989850101,"Sticky-GM",74.2099141664303
"40",8,217.270700188297,"dNN","GM",0.767810843191016,NA,NA,NA,0.0587652910443288,NA,2,NA,0.216142256056715,"dNN-GM",74.2099141664303
"41",9,413.551125314641,"DF","UCB",0.558053216558902,NA,NA,0.320962323953917,0.0311450176682282,0.308595018930141,NA,NA,0.0440770577615142,"DF-UCB",83.7871190952856
"42",9,325.460440593907,"kNN","GM",0.652192471370099,NA,NA,NA,0.0781009785786299,NA,NA,1,0.170582792655516,"kNN-GM",83.7871190952856
"43",9,324.149503297732,"dNN","GM",0.653593421544994,NA,NA,NA,0.0776272902981593,NA,1,NA,0.170582730668194,"dNN-GM",83.7871190952856
"44",9,321.720485476004,"BMT","UCB",0.656189223001022,5.61507667699381,NA,0.207130041795247,0.00767810255908117,NA,NA,NA,0.00679847199548567,"BMT-UCB",83.7871190952856
"45",9,468.808020242011,"Sticky","GM",0.499002217828058,NA,NA,NA,0.265010603128155,NA,NA,NA,1.256221085598,"Sticky-GM",83.7871190952856
"46",10,323.249302903763,"DF","UCB",0.654555432392538,NA,NA,0.221033210374241,0.0344226907637224,0.248331954626635,NA,NA,0.0765829359415705,"DF-UCB",77.6916506183031
"47",10,334.426341587624,"kNN","GM",0.64261094477696,NA,NA,NA,0.0802464734020817,NA,NA,2,0.21084646894055,"kNN-GM",77.6916506183031
"48",10,346.424232855219,"dNN","GM",0.629789242382232,NA,NA,NA,0.0806324831119221,NA,1,NA,0.205641817538927,"dNN-GM",77.6916506183031
"49",10,318.728568745873,"BMT","UCB",0.659386573689402,2.89061011818196,NA,0.101516702285353,0.0279809986245752,NA,NA,NA,0.057217612009169,"BMT-UCB",77.6916506183031
"50",10,433.19904424728,"Sticky","GM",0.537056212701193,NA,NA,NA,0.482628678574252,NA,NA,NA,2.4674561528411,"Sticky-GM",77.6916506183031
"51",11,304.778306690327,"DF","UCB",0.674294702494319,NA,NA,0.0522652401715758,0.0429445277861848,0.669932591079793,NA,NA,0.0855106837712236,"DF-UCB",73.6909721327173
"52",11,329.953401581884,"BMT","UCB",0.647391010232127,2.80906700385954,NA,0.0396659550718271,0.0285310668047366,NA,NA,NA,0.0563102403109435,"BMT-UCB",73.6909721327173
"53",11,305.813699507033,"kNN","GM",0.673188216507627,NA,NA,NA,0.0563491252405538,NA,NA,1,0.148893303848536,"kNN-GM",73.6909721327173
"54",11,435.114734991659,"Sticky","GM",0.535008984896161,NA,NA,NA,0.646313567620751,NA,NA,NA,3.16493713757346,"Sticky-GM",73.6909721327173
"55",11,305.81343488957,"dNN","GM",0.673188499294517,NA,NA,NA,0.0563488658920237,NA,1,NA,0.1488934844158,"dNN-GM",73.6909721327173
"56",12,293.69896956425,"kNN","GM",0.686134780070709,NA,NA,NA,0.0742573007858312,NA,NA,2,0.182945999516267,"kNN-GM",80.9170922854108
"57",12,296.501987241465,"DF","UCB",0.683139298809642,NA,NA,0.239479265775802,0.0372564687957383,0.261604516712486,NA,NA,0.0920815195699041,"DF-UCB",80.9170922854108
"58",12,321.470070518824,"BMT","UCB",0.656456832198717,5.13366262466815,NA,0.16197370935253,0.0101812939253128,NA,NA,NA,0.0190356325822025,"BMT-UCB",80.9170922854108
"59",12,289.546504182257,"dNN","GM",0.690572366155202,NA,NA,NA,0.0742564219269827,NA,1,NA,0.182946278324124,"dNN-GM",80.9170922854108
"60",12,415.53379130732,"Sticky","GM",0.555934414784548,NA,NA,NA,0.472168985395983,NA,NA,NA,2.30136214457809,"Sticky-GM",80.9170922854108
"61",13,373.985571008848,"DF","UCB",0.600335460252968,NA,NA,0.392280647779519,0.0495351428770869,0.636290873550431,NA,NA,0.213656333095963,"DF-UCB",79.6584520035311
"62",13,342.444330732465,"kNN","GM",0.634042416497579,NA,NA,NA,0.100604645149766,NA,NA,6,0.300506254362759,"kNN-GM",79.6584520035311
"63",13,370.233221897416,"BMT","UCB",0.604345456886114,9.77263415746516,NA,0.0151550634756658,0.00681169417230648,NA,NA,NA,0.00724073298360264,"BMT-UCB",79.6584520035311
"64",13,445.064751578952,"Sticky","GM",0.524375770387086,NA,NA,NA,0.179829134135407,NA,NA,NA,0.876491198350976,"Sticky-GM",79.6584520035311
"65",13,375.663953196909,"dNN","GM",0.598541835320056,NA,NA,NA,0.10649298227618,NA,3,NA,0.326763623410917,"dNN-GM",79.6584520035311
"66",14,319.851320282571,"kNN","GM",0.658186730671516,NA,NA,NA,0.087555949993495,NA,NA,2,0.245107551036566,"kNN-GM",76.625720571787
"67",14,316.181216450175,"BMT","UCB",0.662108834818587,4.16753148603302,NA,0.0429430474665336,0.0227127581478446,NA,NA,NA,0.0192250042887388,"BMT-UCB",76.625720571787
"68",14,274.892292775752,"DF","UCB",0.706232779580612,NA,NA,0.40226107565211,0.0320707502034668,1.21202130242807,NA,NA,0.129640653174133,"DF-UCB",76.625720571787
"69",14,417.934986982139,"Sticky","GM",0.553368345827315,NA,NA,NA,0.396559160585952,NA,NA,NA,1.9238352918073,"Sticky-GM",76.625720571787
"70",14,318.917789231138,"dNN","GM",0.659184360759233,NA,NA,NA,0.0879893691455585,NA,1,NA,0.24661647170476,"dNN-GM",76.625720571787
"71",15,295.709074409847,"DF","UCB",0.683986655409665,NA,NA,0.397496900144145,0.014806897485409,0.0851123864752859,NA,NA,0.0383592159763299,"DF-UCB",86.0430257940323
"72",15,299.275827937999,"BMT","UCB",0.680174997908082,0.00748273681206701,NA,0.18718819142132,0.00698236277508145,NA,NA,NA,0.0254277377151902,"BMT-UCB",86.0430257940323
"73",15,439.864168479327,"Sticky","GM",0.529933441088983,NA,NA,NA,0.0497187209536041,NA,NA,NA,0.245772268901257,"Sticky-GM",86.0430257940323
"74",15,322.119669645814,"kNN","GM",0.655762629651254,NA,NA,NA,0.0920874995849854,NA,NA,1,0.212894850426225,"kNN-GM",86.0430257940323
"75",15,322.119860870175,"dNN","GM",0.655762425296856,NA,NA,NA,0.0920875455142886,NA,1,NA,0.212896045974001,"dNN-GM",86.0430257940323
"76",16,334.837357132482,"BMT","UCB",0.64217170767452,8.45524799761777,NA,0.0709820556020095,0.00722023187050494,NA,NA,NA,0.00675932747048515,"BMT-UCB",76.0010136447861
"77",16,301.781120021232,"DF","UCB",0.677497684971446,NA,NA,0.161862852971316,0.0434127876096537,1.87474097114265,NA,NA,0.0823858809012028,"DF-UCB",76.0010136447861
"78",16,321.302584210947,"kNN","GM",0.656635818617821,NA,NA,NA,0.0526078006614924,NA,NA,3,0.0935834843347497,"kNN-GM",76.0010136447861
"79",16,310.470282175995,"dNN","GM",0.668211898934292,NA,NA,NA,0.0492562826948038,NA,2,NA,0.0919247955795577,"dNN-GM",76.0010136447861
"80",16,467.007932877747,"Sticky","GM",0.500925904578865,NA,NA,NA,1.29825472657154,NA,NA,NA,6.44808690747467,"Sticky-GM",76.0010136447861
"81",17,266.799983696263,"kNN","GM",0.714880730823811,NA,NA,NA,0.0601425908057592,NA,NA,1,0.101350380672029,"kNN-GM",83.1706534981086
"82",17,282.426060411076,"DF","UCB",0.698181720908988,NA,NA,0.00674010890653706,0.0679898950537473,1.54613171687036,NA,NA,0.123123116050072,"DF-UCB",83.1706534981086
"83",17,262.677764610335,"dNN","GM",0.719285993811016,NA,NA,NA,0.0601424804702113,NA,1,NA,0.101350391993865,"dNN-GM",83.1706534981086
"84",17,335.069269613108,"BMT","UCB",0.641923871388802,2.4836568569902,NA,0.0214601662041002,0.0672537595435453,NA,NA,NA,0.152940795386292,"BMT-UCB",83.1706534981086
"85",17,421.919529630624,"Sticky","GM",0.549110212553848,NA,NA,NA,0.34583556072799,NA,NA,NA,1.71767350397817,"Sticky-GM",83.1706534981086
"86",18,335.500190354587,"BMT","UCB",0.641463362339359,7.27544025341602,NA,0.0203777470438487,0.00675713117061003,NA,NA,NA,0.00919706793601497,"BMT-UCB",81.8007377269879
"87",18,258.093999402294,"Sticky","GM",0.724184494058601,NA,NA,NA,0.140109481796801,NA,NA,NA,0.802653871926269,"Sticky-GM",81.8007377269879
"88",18,197.78269910249,"kNN","GM",0.788636948763854,NA,NA,NA,0.0664999526753157,NA,NA,2,0.214219945581442,"kNN-GM",81.8007377269879
"89",18,332.966147718097,"DF","UCB",0.644171399928295,NA,NA,0.215617993961154,0.0391474224327598,0.621230820161154,NA,NA,0.167152659204881,"DF-UCB",81.8007377269879
"90",18,194.825150727725,"dNN","GM",0.791797571262716,NA,NA,NA,0.0665762843078511,NA,1,NA,0.212809397702941,"dNN-GM",81.8007377269879
"91",19,238.241695207418,"Sticky","GM",0.745399916882428,NA,NA,NA,3.97434544195567,NA,NA,NA,23.056619885687,"Sticky-GM",74.5891861491019
"92",19,184.527973420284,"DF","UCB",0.802801783586123,NA,NA,0.0400852757051203,0.0601527018945139,1.07039906231622,NA,NA,0.230234020809299,"DF-UCB",74.5891861491019
"93",19,190.951889962207,"kNN","GM",0.795936781706037,NA,NA,NA,0.0563760059148782,NA,NA,7,0.235536069209721,"kNN-GM",74.5891861491019
"94",19,167.737814722817,"BMT","UCB",0.820744804836918,7.3561381169373,NA,0.00702842620106983,0.00678563892174275,NA,NA,NA,0.00953139775893007,"BMT-UCB",74.5891861491019
"95",19,190.541121289817,"dNN","GM",0.796375754985006,NA,NA,NA,0.0662503133125703,NA,1,NA,0.25894453741934,"dNN-GM",74.5891861491019
"96",20,423.360082484926,"DF","UCB",0.547570747028634,NA,NA,0.418518049517368,0.0448108702729302,1.01259529522235,NA,NA,0.0964468144674248,"DF-UCB",77.0004423361931
"97",20,492.208002648704,"BMT","UCB",0.473995522587298,3.63981689616798,NA,0.145291926095692,0.0247893411198579,NA,NA,NA,0.0272625956020984,"BMT-UCB",77.0004423361931
"98",20,620.507419551956,"Sticky","GM",0.3368866836871,NA,NA,NA,0.412043009835404,NA,NA,NA,1.76493020977101,"Sticky-GM",77.0004423361931
"99",20,487.337946145434,"kNN","GM",0.479199971747385,NA,NA,NA,0.105696113807169,NA,NA,2,0.215730152058641,"kNN-GM",77.0004423361931
"100",20,490.77351051685,"dNN","GM",0.475528511242721,NA,NA,NA,0.107685603555086,NA,1,NA,0.22091505773816,"dNN-GM",77.0004423361931
"101",22,460.934223202424,"BMT","UCB",0.507416653340635,8.1900437501864,NA,0.08978638428452,0.00680242722727277,NA,NA,NA,0.00835415740391951,"BMT-UCB",73.2666231012626
"102",22,465.439904621221,"DF","UCB",0.502601598348987,NA,NA,0.183632148680122,0.0654133110613828,0.801762680236016,NA,NA,0.169640073396718,"DF-UCB",73.2666231012626
"103",22,601.537946135775,"Sticky","GM",0.357158657928434,NA,NA,NA,0.124256708440766,NA,NA,NA,0.519783216869542,"Sticky-GM",73.2666231012626
"104",22,473.379365661991,"kNN","GM",0.494116990148357,NA,NA,NA,0.0809257847461725,NA,NA,4,0.187791960178779,"kNN-GM",73.2666231012626
"105",22,472.501003153217,"dNN","GM",0.495055663656143,NA,NA,NA,0.0814663745115874,NA,2,NA,0.18603695624538,"dNN-GM",73.2666231012626
"106",23,141.078035886815,"BMT","UCB",0.849235123887212,4.74829303437683,NA,0.0986949115688997,0.00708544716889372,NA,NA,NA,0.00967785478727798,"BMT-UCB",78.1222468297401
"107",23,149.971333264876,"DF","UCB",0.839731186091302,NA,NA,0.138852614933853,0.0348512473374254,0.374884740224875,NA,NA,0.114230347070529,"DF-UCB",78.1222468297401
"108",23,202.827370878535,"Sticky","GM",0.783245894723697,NA,NA,NA,0.880485999114999,NA,NA,NA,5.36131874979716,"Sticky-GM",78.1222468297401
"109",23,186.109035607031,"kNN","GM",0.801112160937117,NA,NA,NA,0.0500566427064768,NA,NA,14,0.205934889051471,"kNN-GM",78.1222468297401
"110",23,181.083311307055,"dNN","GM",0.806482966510784,NA,NA,NA,0.0553519970590113,NA,3,NA,0.203982151850337,"dNN-GM",78.1222468297401
"111",24,435.888484417805,"Sticky","GM",0.53418210751839,NA,NA,NA,0.767220093875177,NA,NA,NA,3.7747082374624,"Sticky-GM",71.9086794062494
"112",24,317.888359299168,"kNN","GM",0.660284474431675,NA,NA,NA,0.058614478864331,NA,NA,2,0.165693348115005,"kNN-GM",71.9086794062494
"113",24,335.041426159357,"DF","UCB",0.641953626657429,NA,NA,0.0314681524548499,0.0623612345940811,2.50882735861758,NA,NA,0.171716410992566,"DF-UCB",71.9086794062494
"114",24,331.84019535814,"dNN","GM",0.645374663547546,NA,NA,NA,0.0672617259838377,NA,1,NA,0.19024413155138,"dNN-GM",71.9086794062494
"115",24,332.239195710371,"BMT","UCB",0.644948266636822,10.3971159245287,NA,0.00682870835000088,0.00677261025413064,NA,NA,NA,0.0130550209277319,"BMT-UCB",71.9086794062494
"116",25,481.980270498306,"DF","UCB",0.484925521441313,NA,NA,0.293465917570034,0.083423252459991,0.696091920478109,NA,NA,0.257740161470641,"DF-UCB",76.7841862711361
"117",25,479.525459868263,"BMT","UCB",0.48754888671708,4.00238313905668,NA,0.0598084991096733,0.0358995012079446,NA,NA,NA,0.0646503882449899,"BMT-UCB",76.7841862711361
"118",25,488.388174385334,"dNN","GM",0.478077631692937,NA,NA,NA,0.124157685310044,NA,1,NA,0.315982822462416,"dNN-GM",76.7841862711361
"119",25,481.310777869389,"kNN","GM",0.485640983438091,NA,NA,NA,0.125044522737891,NA,NA,1,0.315989687546947,"kNN-GM",76.7841862711361
"120",25,590.904622083938,"Sticky","GM",0.368522097837878,NA,NA,NA,0.557277254765684,NA,NA,NA,2.39823005618694,"Sticky-GM",76.7841862711361
"121",26,428.836105248433,"kNN","GM",0.541718724151073,NA,NA,NA,0.0765689319661867,NA,NA,7,0.1893766419522,"kNN-GM",79.0637568502967
"122",26,525.348033853846,"Sticky","GM",0.438579997643177,NA,NA,NA,0.108746088959136,NA,NA,NA,0.503786152689981,"Sticky-GM",79.0637568502967
"123",26,419.401921922749,"dNN","GM",0.551800686742777,NA,NA,NA,0.079551050363521,NA,2,NA,0.201964699886921,"dNN-GM",79.0637568502967
"124",26,444.941124931758,"DF","UCB",0.524507885609923,NA,NA,0.222153538443324,0.0596248701827174,0.620164599914018,NA,NA,0.193439626375448,"DF-UCB",79.0637568502967
"125",26,410.814183124203,"BMT","UCB",0.56097808539249,8.13483389192134,NA,0.0721454226795615,0.00694716342849992,NA,NA,NA,0.00683235722778608,"BMT-UCB",79.0637568502967
"126",27,357.670188636492,"dNN","GM",0.617771105615047,NA,NA,NA,0.0631978106014209,NA,1,NA,0.114134987824593,"dNN-GM",77.611180564222
"127",27,357.670150361544,"kNN","GM",0.617771146518067,NA,NA,NA,0.0631975293797011,NA,NA,1,0.114134633852862,"kNN-GM",77.611180564222
"128",27,357.308771384,"DF","UCB",0.618157338857907,NA,NA,0.0429010917720449,0.0614951008997585,1.45389365171375,NA,NA,0.109614112264243,"DF-UCB",77.611180564222
"129",27,394.256154292708,"BMT","UCB",0.578673038045894,4.36383802240557,NA,0.00685292644012694,0.0307031138870375,NA,NA,NA,0.0431073453612542,"BMT-UCB",77.611180564222
"130",27,520.716358794078,"Sticky","GM",0.443529697376315,NA,NA,NA,1.39164524656858,NA,NA,NA,6.3590915702885,"Sticky-GM",77.611180564222
"131",28,157.642332435475,"kNN","GM",0.831533473156423,NA,NA,NA,0.0517247695034931,NA,NA,1,0.179468299205018,"kNN-GM",77.2109899377545
"132",28,153.315357380601,"DF","UCB",0.836157551270287,NA,NA,0.134013097252838,0.0265290513093036,0.35669640378186,NA,NA,0.061630873253713,"DF-UCB",77.2109899377545
"133",28,172.950525432046,"dNN","GM",0.815174173807442,NA,NA,NA,0.0517244748817656,NA,1,NA,0.179338357779608,"dNN-GM",77.2109899377545
"134",28,152.892833199038,"BMT","UCB",0.836609087226877,4.62516039039037,NA,0.0965871435587954,0.00685976106628206,NA,NA,NA,0.00752147598165962,"BMT-UCB",77.2109899377545
"135",28,223.109972393066,"Sticky","GM",0.761570629078259,NA,NA,NA,0.887966736111075,NA,NA,NA,5.36695397375352,"Sticky-GM",77.2109899377545
"136",29,445.135967319775,"DF","UCB",0.524299664760333,NA,NA,0.220676573387123,0.0619843652824736,0.433191354001114,NA,NA,0.166290451029863,"DF-UCB",75.7298796075978
"137",29,421.52248658249,"dNN","GM",0.549534517766116,NA,NA,NA,0.0877631983008232,NA,2,NA,0.216761957865171,"dNN-GM",75.7298796075978
"138",29,547.861056571823,"Sticky","GM",0.414521163398254,NA,NA,NA,4.81540683377471,NA,NA,NA,21.6041689526276,"Sticky-GM",75.7298796075978
"139",29,413.631846824972,"BMT","UCB",0.557966952468052,9.95721992768826,NA,0.116451366598875,0.00681079606000545,NA,NA,NA,0.0095793807800062,"BMT-UCB",75.7298796075978
"140",29,400.245550387451,"kNN","GM",0.572272392087519,NA,NA,NA,0.0822813463154035,NA,NA,3,0.199138338965269,"kNN-GM",75.7298796075978
"141",30,333.923709440928,"kNN","GM",0.643148089151352,NA,NA,NA,0.0821169828136641,NA,NA,2,0.275409952216915,"kNN-GM",71.4744988967614
"142",30,416.70953807594,"Sticky","GM",0.554677937723489,NA,NA,NA,3.19445271052036,NA,NA,NA,15.9417009852687,"Sticky-GM",71.4744988967614
"143",30,352.547657215852,"DF","UCB",0.62324536537605,NA,NA,0.159073626392007,0.0487024859752981,0.463367163395838,NA,NA,0.160521474622874,"DF-UCB",71.4744988967614
"144",30,332.084908609287,"dNN","GM",0.645113147552086,NA,NA,NA,0.0840473043630591,NA,1,NA,0.282073558247242,"dNN-GM",71.4744988967614
"145",30,328.991752247381,"BMT","UCB",0.648418689288395,7.50235172803855,NA,0.0264173032746038,0.00683741595957461,NA,NA,NA,0.00681281506952669,"BMT-UCB",71.4744988967614
"146",31,316.478039777959,"kNN","GM",0.661791630712651,NA,NA,NA,0.114069205158883,NA,NA,0,0.273282625117987,"kNN-GM",84.1841738346748
"147",31,316.419432559351,"dNN","GM",0.661854262078314,NA,NA,NA,0.114263940724438,NA,0,NA,0.271454361167878,"dNN-GM",84.1841738346748
"148",31,284.631343394138,"BMT","UCB",0.695825016595343,5.25363335855102,NA,0.23306694778227,0.0113466493925978,NA,NA,NA,0.0222692161880091,"BMT-UCB",84.1841738346748
"149",31,275.51905105236,"DF","UCB",0.705562986204686,NA,NA,0.458197374292099,0.0334425144766162,0.259961547172288,NA,NA,0.173230151175791,"DF-UCB",84.1841738346748
"150",31,410.553358554736,"Sticky","GM",0.56125681895761,NA,NA,NA,0.555852020369952,NA,NA,NA,2.80067083779797,"Sticky-GM",84.1841738346748
"151",32,380.917767953912,"Sticky","GM",0.592927277915851,NA,NA,NA,0.572250259091106,NA,NA,NA,2.92564963320285,"Sticky-GM",74.9375096465618
"152",32,274.284189312353,"BMT","UCB",0.706882637248014,7.56338676841137,NA,0.0105888647153637,0.0093517871394432,NA,NA,NA,0.0130691870412298,"BMT-UCB",74.9375096465618
"153",32,255.159220687637,"DF","UCB",0.727320783464336,NA,NA,0.223165011135244,0.04339510681803,1.54601315147248,NA,NA,0.148367195256512,"DF-UCB",74.9375096465618
"154",32,260.890338621285,"kNN","GM",0.721196149818689,NA,NA,NA,0.0530091320990536,NA,NA,3,0.153828030574016,"kNN-GM",74.9375096465618
"155",32,277.634117878005,"dNN","GM",0.703302692559867,NA,NA,NA,0.0586395341192818,NA,2,NA,0.168786417705352,"dNN-GM",74.9375096465618
"156",33,403.097851964642,"BMT","UCB",0.569224242946383,7.45395815487294,NA,0.16928135615123,0.0069110961422833,NA,NA,NA,0.00745900459933413,"BMT-UCB",80.0574672990821
"157",33,395.645398265254,"DF","UCB",0.577188404423836,NA,NA,0.324168923587156,0.0527843477138552,0.796293505642736,NA,NA,0.126313268176899,"DF-UCB",80.0574672990821
"158",33,458.149576137653,"kNN","GM",0.51039250260802,NA,NA,NA,0.093783166788246,NA,NA,10,0.219463274639427,"kNN-GM",80.0574672990821
"159",33,457.200605319246,"dNN","GM",0.511406632603327,NA,NA,NA,0.104955587466145,NA,4,NA,0.267087448613892,"dNN-GM",80.0574672990821
"160",33,555.093717161141,"Sticky","GM",0.406791886683704,NA,NA,NA,0.372668620691645,NA,NA,NA,1.61879997210595,"Sticky-GM",80.0574672990821
"161",34,380.027594507177,"kNN","GM",0.593878573335951,NA,NA,NA,0.08575605891678,NA,NA,4,0.20322912837919,"kNN-GM",82.4818101633003
"162",34,405.711276875242,"BMT","UCB",0.566431372458785,9.6857783255088,NA,0.098622269046239,0.00743319374845661,NA,NA,NA,0.0105531766431142,"BMT-UCB",82.4818101633003
"163",34,370.397467148287,"dNN","GM",0.604169934064692,NA,NA,NA,0.0857167889146017,NA,2,NA,0.204236014886723,"dNN-GM",82.4818101633003
"164",34,407.968725341985,"DF","UCB",0.564018920823205,NA,NA,0.179676346754618,0.0769987777985919,1.03323121703913,NA,NA,0.178755159584385,"DF-UCB",82.4818101633003
"165",34,518.514212714821,"Sticky","GM",0.44588304939695,NA,NA,NA,0.800145485632759,NA,NA,NA,3.72384535873321,"Sticky-GM",82.4818101633003
"166",35,491.598752964862,"kNN","GM",0.47464660517807,NA,NA,NA,0.0904114881882366,NA,NA,1,0.0941076666282922,"kNN-GM",78.8298255194846
"167",35,703.448364653807,"Sticky","GM",0.248250765031482,NA,NA,NA,0.0344454813618837,NA,NA,NA,0.128026690369814,"Sticky-GM",78.8298255194846
"168",35,516.426777765885,"BMT","UCB",0.448113813877697,2.66516677722127,NA,0.00675884249519973,0.0619558058191205,NA,NA,NA,0.00682215698310034,"BMT-UCB",78.8298255194846
"169",35,447.224315400602,"DF","UCB",0.522067924449326,NA,NA,0.355873544749254,0.052502803603107,1.16845366946243,NA,NA,0.0538033431516484,"DF-UCB",78.8298255194846
"170",35,489.269489165667,"dNN","GM",0.47713580320179,NA,NA,NA,0.0913740020803794,NA,1,NA,0.0941076341541381,"dNN-GM",78.8298255194846
"171",36,394.270734893072,"BMT","UCB",0.578657456297865,10.8003695131019,NA,0.00788191001005388,0.00680362477090442,NA,NA,NA,0.00723894330071919,"BMT-UCB",84.4135488599547
"172",36,294.954581645777,"DF","UCB",0.684792953905302,NA,NA,0.0866548897312074,0.0556868198959609,1.81020973662116,NA,NA,0.11356834782909,"DF-UCB",84.4135488599547
"173",36,280.123138907753,"dNN","GM",0.700642767895952,NA,NA,NA,0.0545436210324967,NA,1,NA,0.107398477559034,"dNN-GM",84.4135488599547
"174",36,287.085490641552,"kNN","GM",0.693202360252043,NA,NA,NA,0.0542021330426861,NA,NA,1,0.107398574962331,"kNN-GM",84.4135488599547
"175",36,435.222343386947,"Sticky","GM",0.534893987786354,NA,NA,NA,0.0771490969653976,NA,NA,NA,0.396373338016409,"Sticky-GM",84.4135488599547
"176",37,489.490416168729,"kNN","GM",0.476899706689407,NA,NA,NA,0.0961712935678643,NA,NA,0,0.321371913514902,"kNN-GM",63.9669066524467
"177",37,553.973958254005,"Sticky","GM",0.407988531589124,NA,NA,NA,0.196727184827268,NA,NA,NA,0.850574202678734,"Sticky-GM",63.9669066524467
"178",37,490.311704985535,"DF","UCB",0.476022025724116,NA,NA,0.105557547026573,0.0901600471737484,0.183805959470357,NA,NA,0.365405030955681,"DF-UCB",63.9669066524467
"179",37,536.914389127155,"BMT","UCB",0.426219461795797,3.54747666315918,NA,0.00675886637879212,0.0409432077319015,NA,NA,NA,0.116918239960227,"BMT-UCB",63.9669066524467
"180",37,525.054804667229,"dNN","GM",0.438893360823456,NA,NA,NA,0.0961157465094716,NA,0,NA,0.32116522219113,"dNN-GM",63.9669066524467
"181",38,274.022731034309,"DF","UCB",0.707162048034039,NA,NA,0.216437132159478,0.0205796842431102,0.119790589968194,NA,NA,0.0549048003990274,"DF-UCB",77.7727807727666
"182",38,298.63010354854,"BMT","UCB",0.680865059666936,0.00717443421461181,NA,0.0954884978470743,0.0174942880080069,NA,NA,NA,0.0512982770454921,"BMT-UCB",77.7727807727666
"183",38,295.465142477303,"dNN","GM",0.684247336438847,NA,NA,NA,0.0761457287497004,NA,1,NA,0.22274914058173,"dNN-GM",77.7727807727666
"184",38,301.721340445173,"kNN","GM",0.677561569192132,NA,NA,NA,0.0761458716890745,NA,NA,3,0.222749145150398,"kNN-GM",77.7727807727666
"185",38,387.034818099483,"Sticky","GM",0.586390212797417,NA,NA,NA,2.6000517537728,NA,NA,NA,13.4919370946884,"Sticky-GM",77.7727807727666
"186",39,369.458589543227,"DF","UCB",0.605173277816411,NA,NA,0.0177841703379176,0.0703874431250167,2.09776180179275,NA,NA,0.186160621388462,"DF-UCB",73.355602047128
"187",39,374.848049276502,"BMT","UCB",0.599413761645843,8.93196206046061,NA,0.0076283056917319,0.00679428611283094,NA,NA,NA,0.00723434299874609,"BMT-UCB",73.355602047128
"188",39,498.100608926586,"Sticky","GM",0.467698312324327,NA,NA,NA,3.08744556070908,NA,NA,NA,14.1727550433703,"Sticky-GM",73.355602047128
"189",39,365.739357487958,"dNN","GM",0.609147883477191,NA,NA,NA,0.0688945506941455,NA,2,NA,0.193715544217944,"dNN-GM",73.355602047128
"190",39,369.136532135594,"kNN","GM",0.605517448649651,NA,NA,NA,0.0632154743861598,NA,NA,3,0.171198409213545,"kNN-GM",73.355602047128
"191",40,496.338177125456,"kNN","GM",0.469581757968324,NA,NA,NA,0.0981485051229369,NA,NA,1,0.189278124747424,"kNN-GM",77.4475459991253
"192",40,545.071109868159,"BMT","UCB",0.417502676193602,4.02375997016353,NA,0.177639350128327,0.0254660336287833,NA,NA,NA,0.0555447289383312,"BMT-UCB",77.4475459991253
"193",40,466.963421300683,"DF","UCB",0.500973472454045,NA,NA,0.338380758372393,0.0552335126874866,0.764735131652407,NA,NA,0.124776127498149,"DF-UCB",77.4475459991253
"194",40,496.338305449987,"dNN","GM",0.469581620832646,NA,NA,NA,0.0981482405042582,NA,1,NA,0.189276679504737,"dNN-GM",77.4475459991253
"195",40,646.917744410366,"Sticky","GM",0.308662946871179,NA,NA,NA,0.0239640040755773,NA,NA,NA,0.101684498406226,"Sticky-GM",77.4475459991253
"196",41,421.859824679984,"DF","UCB",0.54917401702511,NA,NA,0.212529820406975,0.0687010111831709,0.994537222805147,NA,NA,0.126308851510053,"DF-UCB",78.7806509300845
"197",41,426.859779825349,"kNN","GM",0.543830749993344,NA,NA,NA,0.0912532005962983,NA,NA,1,0.176683453054451,"kNN-GM",78.7806509300845
"198",41,574.191838007907,"Sticky","GM",0.386382431694128,NA,NA,NA,1.08151676540871,NA,NA,NA,4.78569640283065,"Sticky-GM",78.7806509300845
"199",41,426.859777060088,"dNN","GM",0.543830752948476,NA,NA,NA,0.0912532103620334,NA,1,NA,0.176683652329668,"dNN-GM",78.7806509300845
"200",41,425.970077940551,"BMT","UCB",0.544781541472654,6.3958790252671,NA,0.211312903508308,0.00707897578244171,NA,NA,NA,0.00858711864930019,"BMT-UCB",78.7806509300845
"201",42,233.540650710492,"DF","UCB",0.75042374916592,NA,NA,0.195637329710519,0.0566730811747433,2.41401611767135,NA,NA,0.196129645475608,"DF-UCB",80.6737740684335
"202",42,261.512555297257,"BMT","UCB",0.720531209883294,10.6805583975359,NA,0.00678930491245777,0.0094403522919426,NA,NA,NA,0.0199631021895778,"BMT-UCB",80.6737740684335
"203",42,171.889944353281,"kNN","GM",0.81630757755766,NA,NA,NA,0.0259744774593108,NA,NA,2,0.0415653882286727,"kNN-GM",80.6737740684335
"204",42,327.27237049797,"Sticky","GM",0.650256128935262,NA,NA,NA,1.69881317114218,NA,NA,NA,9.18854256639747,"Sticky-GM",80.6737740684335
"205",42,174.860610821501,"dNN","GM",0.813132936237782,NA,NA,NA,0.0283901726571401,NA,1,NA,0.0523373649985419,"dNN-GM",80.6737740684335
"206",43,464.801947498282,"kNN","GM",0.503283359517553,NA,NA,NA,0.133991536356374,NA,NA,2,0.438646219036905,"kNN-GM",72.4800714124799
"207",43,450.325268048425,"BMT","UCB",0.518754051110774,5.87611942555755,NA,0.0274822955906638,0.0190649808321526,NA,NA,NA,0.0427225804294227,"BMT-UCB",72.4800714124799
"208",43,541.549648591643,"Sticky","GM",0.421265931541982,NA,NA,NA,0.496278784663702,NA,NA,NA,2.22653892681574,"Sticky-GM",72.4800714124799
"209",43,467.803636770079,"DF","UCB",0.500075565275544,NA,NA,0.188964501644305,0.102103358175466,0.545213519448606,NA,NA,0.392878892153395,"DF-UCB",72.4800714124799
"210",43,464.049230015994,"dNN","GM",0.504087760835247,NA,NA,NA,0.133479656429221,NA,1,NA,0.441410132633412,"dNN-GM",72.4800714124799
"211",44,294.13272283114,"BMT","UCB",0.685671244006182,3.87265031957616,NA,0.0720192040276431,0.0224679940856296,NA,NA,NA,0.030894462722369,"BMT-UCB",80.2481733554906
"212",44,285.424148454962,"kNN","GM",0.694977775165979,NA,NA,NA,0.0734868397774306,NA,NA,2,0.18683677401805,"kNN-GM",80.2481733554906
"213",44,270.926082852905,"DF","UCB",0.710471321348623,NA,NA,0.184475595822371,0.0495902459845839,1.0551728597357,NA,NA,0.113176176104616,"DF-UCB",80.2481733554906
"214",44,279.95969925815,"dNN","GM",0.700817429801112,NA,NA,NA,0.0737401336908373,NA,1,NA,0.187103259896923,"dNN-GM",80.2481733554906
"215",44,392.405457274643,"Sticky","GM",0.580650809460819,NA,NA,NA,0.898978101209522,NA,NA,NA,4.73635086585446,"Sticky-GM",80.2481733554906
"216",45,319.716854425984,"DF","UCB",0.658330429356307,NA,NA,0.00673867936561241,0.0746406729747086,1.53031196736425,NA,NA,0.21423320769347,"DF-UCB",77.5864882847643
"217",45,466.000558572862,"BMT","UCB",0.502002448218848,4.93210576942096,NA,0.00678616229529093,0.039346957335196,NA,NA,NA,0.118092720132246,"BMT-UCB",77.5864882847643
"218",45,318.285293875041,"dNN","GM",0.659860285139697,NA,NA,NA,0.0737079477536652,NA,1,NA,0.212755618465869,"dNN-GM",77.5864882847643
"219",45,324.848689226078,"kNN","GM",0.652846227417968,NA,NA,NA,0.073297009070837,NA,NA,1,0.213017172505748,"kNN-GM",77.5864882847643
"220",45,406.506462739012,"Sticky","GM",0.565581586753418,NA,NA,NA,0.0557280576001017,NA,NA,NA,0.276786482975079,"Sticky-GM",77.5864882847643
"221",47,385.417373854523,"DF","UCB",0.588118715605653,NA,NA,0.273328746467369,0.0425120646469486,0.518508836880761,NA,NA,0.116645242635334,"DF-UCB",77.0244086937244
"222",47,536.244805639273,"Sticky","GM",0.426935020890189,NA,NA,NA,0.119119081785017,NA,NA,NA,0.536881624661538,"Sticky-GM",77.0244086937244
"223",47,446.938906572632,"BMT","UCB",0.522372930301725,4.04201246064885,NA,0.100560404814039,0.0244032936689434,NA,NA,NA,0.0403600112341235,"BMT-UCB",77.0244086937244
"224",47,412.996484809632,"kNN","GM",0.558645940341163,NA,NA,NA,0.0872589187237899,NA,NA,2,0.195419232358907,"kNN-GM",77.0244086937244
"225",47,412.830560328867,"dNN","GM",0.558823257693431,NA,NA,NA,0.0877944244190721,NA,1,NA,0.196964514264813,"dNN-GM",77.0244086937244
"226",48,883.77143713404,"kNN","GM",0.0555461706425244,NA,NA,NA,0.188539037735024,NA,NA,3,0.00673794700136091,"kNN-GM",55.8755940483919
"227",48,857.467821448701,"DF","UCB",0.0836558713141446,NA,NA,0.527443793229017,0.00786695068411443,0.0183658384468035,NA,NA,0.00690959312272638,"DF-UCB",55.8755940483919
"228",48,882.370060062909,"BMT","UCB",0.0570437704580322,0.20677529230533,NA,30.2764232184824,0.0574618171406701,NA,NA,NA,1.3740389283909,"BMT-UCB",55.8755940483919
"229",48,935.748853368621,"Sticky","GM",-1.70572180380191e-07,NA,NA,NA,148.413158994824,NA,NA,NA,0.00673794700526337,"Sticky-GM",55.8755940483919
"230",48,890.23073684363,"dNN","GM",0.0486433560805678,NA,NA,NA,0.190273054253936,NA,2,NA,0.00673794700154761,"dNN-GM",55.8755940483919
"231",49,724.611022764402,"Sticky","GM",0.225635015469865,NA,NA,NA,5.64760706065986,NA,NA,NA,19.6527718001204,"Sticky-GM",70.8184605095933
"232",49,569.857470505096,"kNN","GM",0.391014409843533,NA,NA,NA,0.109985114885949,NA,NA,2,0.181029099047868,"kNN-GM",70.8184605095933
"233",49,585.07828558029,"DF","UCB",0.374748488045554,NA,NA,0.3019411661997,0.0517522146223149,0.0876624559424039,NA,NA,0.114849995671531,"DF-UCB",70.8184605095933
"234",49,560.868743835653,"BMT","UCB",0.400620329391616,4.66173382722018,NA,0.208816145896613,0.0180903348396294,NA,NA,NA,0.0220237697622139,"BMT-UCB",70.8184605095933
"235",49,569.088492071487,"dNN","GM",0.391836188638139,NA,NA,NA,0.110736991815693,NA,1,NA,0.180672632624845,"dNN-GM",70.8184605095933
"236",50,914.346049942006,"dNN","GM",0.0228722134016702,NA,NA,NA,0.247628834733051,NA,2,NA,0.0956238679629649,"dNN-GM",50.2085908636154
"237",50,896.189550074413,"DF","UCB",0.0422753928971353,NA,NA,0.580822724224039,0.114434690219855,0.0418948654340768,NA,NA,0.429174146061386,"DF-UCB",50.2085908636154
"238",50,938.927967891675,"Sticky","GM",-0.00339757261427542,NA,NA,NA,16.0149779139085,NA,NA,NA,2.38272724563057,"Sticky-GM",50.2085908636154
"239",50,910.921757933465,"kNN","GM",0.0265316275492835,NA,NA,NA,0.257866511845223,NA,NA,7,0.089669918598322,"kNN-GM",50.2085908636154
"240",50,905.42983418669,"BMT","UCB",0.0324006432192189,0.00766291436672924,NA,0.297137711485094,0.138880208530701,NA,NA,NA,0.577152210431292,"BMT-UCB",50.2085908636154
"241",51,261.432632616934,"dNN","GM",0.720616620294077,NA,NA,NA,0.0646405128443666,NA,1,NA,0.119401981249558,"dNN-GM",84.1364373236999
"242",51,416.765178116756,"Sticky","GM",0.554618477270926,NA,NA,NA,0.498498379691913,NA,NA,NA,2.56116368669012,"Sticky-GM",84.1364373236999
"243",51,273.005440747577,"kNN","GM",0.708249188516863,NA,NA,NA,0.0581269100166332,NA,NA,3,0.116664418561323,"kNN-GM",84.1364373236999
"244",51,291.943896525903,"BMT","UCB",0.688010361677244,5.54432771427444,NA,0.206494571238104,0.00708885423768209,NA,NA,NA,0.00750325446414799,"BMT-UCB",84.1364373236999
"245",51,291.197091271512,"DF","UCB",0.688808444815776,NA,NA,0.0499956603458771,0.0730618013462681,1.78600813824364,NA,NA,0.159439261454479,"DF-UCB",84.1364373236999
"246",52,347.992505869681,"dNN","GM",0.628113287048361,NA,NA,NA,0.0897327943539119,NA,1,NA,0.204311140915341,"dNN-GM",81.5899029351253
"247",52,470.882388069879,"Sticky","GM",0.496785417696025,NA,NA,NA,0.332619823834368,NA,NA,NA,1.5767068613656,"Sticky-GM",81.5899029351253
"248",52,341.814631734329,"kNN","GM",0.634715352513775,NA,NA,NA,0.0864132397318713,NA,NA,2,0.190904693391822,"kNN-GM",81.5899029351253
"249",52,424.143798730136,"BMT","UCB",0.546733218480168,9.38081424123685,NA,0.0582505952873743,0.00702554319548751,NA,NA,NA,0.00682205082456963,"BMT-UCB",81.5899029351253
"250",52,278.346689165599,"DF","UCB",0.702541193994761,NA,NA,0.536239118538627,0.0423871850792505,2.45729615762582,NA,NA,0.120857610218686,"DF-UCB",81.5899029351253
"251",53,273.324105003491,"Sticky","GM",0.707908643819296,NA,NA,NA,4.51315221799885,NA,NA,NA,25.696679802701,"Sticky-GM",75.6980558184273
"252",53,223.295312608917,"kNN","GM",0.761372562848418,NA,NA,NA,0.0760061236786737,NA,NA,0,0.245652026916624,"kNN-GM",75.6980558184273
"253",53,235.580118673111,"BMT","UCB",0.748244245228348,3.65694623397108,NA,0.00678107793018571,0.0331357511669817,NA,NA,NA,0.0845690875360299,"BMT-UCB",75.6980558184273
"254",53,222.700007014846,"dNN","GM",0.762008743906478,NA,NA,NA,0.0693503865467601,NA,20,NA,0.261256354181047,"dNN-GM",75.6980558184273
"255",53,237.569314307096,"DF","UCB",0.746118465467971,NA,NA,0.159718617220076,0.0584933184436454,0.610171105757953,NA,NA,0.246150016811342,"DF-UCB",75.6980558184273
"256",54,476.946193506045,"DF","UCB",0.49030525322812,NA,NA,0.311949005751448,0.0580660054959365,0.661042072601265,NA,NA,0.132545543200809,"DF-UCB",76.2072502005814
"257",54,630.319762923113,"Sticky","GM",0.326400595449273,NA,NA,NA,0.267102755953984,NA,NA,NA,1.10664271004101,"Sticky-GM",76.2072502005814
"258",54,466.232158634211,"dNN","GM",0.50175494580405,NA,NA,NA,0.0908939009200321,NA,1,NA,0.16100408213851,"dNN-GM",76.2072502005814
"259",54,471.903319274299,"kNN","GM",0.495694386299205,NA,NA,NA,0.090893775951018,NA,NA,1,0.161004282018697,"kNN-GM",76.2072502005814
"260",54,483.332551536629,"BMT","UCB",0.483480388739182,7.11053330354019,NA,0.184999354120425,0.00741804985553195,NA,NA,NA,0.00880820158733999,"BMT-UCB",76.2072502005814
"261",55,265.227406438062,"DF","UCB",0.716561285943678,NA,NA,0.360805049157193,0.041895725843857,1.45315350201042,NA,NA,0.0823412310202968,"DF-UCB",83.9023438456105
"262",55,313.457353637905,"BMT","UCB",0.665019726204753,7.70872710434749,NA,0.100496611996939,0.0103379723566003,NA,NA,NA,0.00679096249414713,"BMT-UCB",83.9023438456105
"263",55,456.47908869545,"Sticky","GM",0.512177690718194,NA,NA,NA,0.264746185976922,NA,NA,NA,1.32119799507148,"Sticky-GM",83.9023438456105
"264",55,285.043864164589,"dNN","GM",0.695384170914014,NA,NA,NA,0.06615531473745,NA,1,NA,0.106437722634398,"dNN-GM",83.9023438456105
"265",55,285.043874195568,"kNN","GM",0.695384160194279,NA,NA,NA,0.0661554604151966,NA,NA,1,0.10643825937542,"kNN-GM",83.9023438456105
"266",56,267.373466437591,"DF","UCB",0.714267871040886,NA,NA,0.284944862076295,0.0482408659513211,1.15331451954295,NA,NA,0.179466447004754,"DF-UCB",79.1719600294929
"267",56,294.669940769354,"kNN","GM",0.685097139076303,NA,NA,NA,0.0866936395605056,NA,NA,2,0.262425352635159,"kNN-GM",79.1719600294929
"268",56,372.868735220714,"Sticky","GM",0.601528981329286,NA,NA,NA,0.37760272097499,NA,NA,NA,2.02072054718466,"Sticky-GM",79.1719600294929
"269",56,252.906772058468,"BMT","UCB",0.729727891958528,7.79563644585438,NA,0.0605046072572227,0.0069072918166679,NA,NA,NA,0.00690366598517567,"BMT-UCB",79.1719600294929
"270",56,289.157610685818,"dNN","GM",0.690987962243163,NA,NA,NA,0.0875005519156518,NA,1,NA,0.263241724281057,"dNN-GM",79.1719600294929
"271",57,469.538686227383,"BMT","UCB",0.498221382129063,3.21023472036283,NA,0.00676872634297321,0.115223499534581,NA,NA,NA,0.47821358458091,"BMT-UCB",69.2890327840105
"272",57,470.650598149132,"kNN","GM",0.497033123006535,NA,NA,NA,0.128811847758733,NA,NA,20,0.501571649390987,"kNN-GM",69.2890327840105
"273",57,421.861718639859,"DF","UCB",0.549171993020282,NA,NA,0.0067398741846405,0.139999188229132,2.57362674155801,NA,NA,0.565030723461096,"DF-UCB",69.2890327840105
"274",57,450.005485170065,"Sticky","GM",0.519095791238752,NA,NA,NA,0.244309861901564,NA,NA,NA,1.19077170039944,"Sticky-GM",69.2890327840105
"275",57,443.190735130272,"dNN","GM",0.526378462414535,NA,NA,NA,0.0722042760151823,NA,20,NA,0.227210529134619,"dNN-GM",69.2890327840105
"276",58,503.037579858339,"BMT","UCB",0.462422354190806,6.09617713847912,NA,0.155905740155422,0.0068470659171215,NA,NA,NA,0.00722253056346682,"BMT-UCB",74.2905526673869
"277",58,478.418617434665,"DF","UCB",0.488731728265225,NA,NA,0.155134578869962,0.0598206917045277,1.39700989727282,NA,NA,0.100464863089115,"DF-UCB",74.2905526673869
"278",58,483.604476353091,"dNN","GM",0.483189792750882,NA,NA,NA,0.067497288167382,NA,1,NA,0.101670465753423,"dNN-GM",74.2905526673869
"279",58,474.386688256685,"kNN","GM",0.493040501769142,NA,NA,NA,0.0658242858760552,NA,NA,2,0.0959303150993681,"kNN-GM",74.2905526673869
"280",58,653.040392567911,"Sticky","GM",0.302119899364513,NA,NA,NA,0.541987635197899,NA,NA,NA,2.14770533363255,"Sticky-GM",74.2905526673869
"281",59,884.435239294687,"DF","UCB",0.0548367898386006,NA,NA,0.623322652713273,0.114234293704598,0.213582274972959,NA,NA,0.347627016462185,"DF-UCB",55.5517597120175
"282",59,890.059696027227,"dNN","GM",0.0488261410713937,NA,NA,NA,0.222130056892629,NA,1,NA,0.0601090669761174,"dNN-GM",55.5517597120175
"283",59,890.185778356284,"BMT","UCB",0.0486914015522275,1.23611461130175,NA,24.3633816581759,1.21014395139381,NA,NA,NA,28.2652393222017,"BMT-UCB",55.5517597120175
"284",59,935.023371544941,"Sticky","GM",0.000775125005062716,NA,NA,NA,29.1163441566481,NA,NA,NA,24.0604274934381,"Sticky-GM",55.5517597120175
"285",59,886.58508382571,"kNN","GM",0.0525393305470534,NA,NA,NA,0.218834567190897,NA,NA,1,0.0481929290576546,"kNN-GM",55.5517597120175
"286",60,214.007683845833,"DF","UCB",0.771297908002581,NA,NA,0.491280207866345,0.0234211580431451,0.18996050803328,NA,NA,0.10139060281483,"DF-UCB",88.6014380946125
"287",60,225.879502929877,"BMT","UCB",0.758610934284891,6.01732927787054,NA,0.255413346055515,0.00790664191127628,NA,NA,NA,0.00701810456305887,"BMT-UCB",88.6014380946125
"288",60,268.487521037568,"kNN","GM",0.713077322117429,NA,NA,NA,0.109561580765537,NA,NA,2,0.313003785146735,"kNN-GM",88.6014380946125
"289",60,365.084364330616,"Sticky","GM",0.609847850425275,NA,NA,NA,0.44731896768242,NA,NA,NA,2.39380327295042,"Sticky-GM",88.6014380946125
"290",60,259.877853844639,"dNN","GM",0.722278154830721,NA,NA,NA,0.112045805832437,NA,1,NA,0.308652427382559,"dNN-GM",88.6014380946125
"291",61,404.728596928893,"Sticky","GM",0.567481526151658,NA,NA,NA,0.536324586775372,NA,NA,NA,2.63870672746121,"Sticky-GM",80.1271134972651
"292",61,344.216882767944,"DF","UCB",0.632148155733651,NA,NA,0.298202804966609,0.0248244698894716,0.189395012714158,NA,NA,0.102194918805546,"DF-UCB",80.1271134972651
"293",61,358.472404115289,"BMT","UCB",0.616913807620243,5.51001120587073,NA,0.138637742503512,0.0068326665516616,NA,NA,NA,0.00773300373915462,"BMT-UCB",80.1271134972651
"294",61,336.14767503112,"kNN","GM",0.640771419426851,NA,NA,NA,0.0858853792533218,NA,NA,18,0.273789615865233,"kNN-GM",80.1271134972651
"295",61,336.296089936921,"dNN","GM",0.640612813909374,NA,NA,NA,0.0877373280163371,NA,3,NA,0.251625592628081,"dNN-GM",80.1271134972651
"296",62,619.757972825637,"BMT","UCB",0.337687589668931,10.2437176740889,NA,0.221371906084785,0.00732521919381833,NA,NA,NA,0.0184944283694259,"BMT-UCB",73.136204449732
"297",62,624.644565814478,"DF","UCB",0.332465468578677,NA,NA,0.337282435306922,0.0913180409573953,0.635964671822913,NA,NA,0.271953488696522,"DF-UCB",73.136204449732
"298",62,612.938006636025,"dNN","GM",0.344975835150993,NA,NA,NA,0.126207532692347,NA,1,NA,0.269514517459938,"dNN-GM",73.136204449732
"299",62,724.699912817328,"Sticky","GM",0.225540021959834,NA,NA,NA,0.106294819311545,NA,NA,NA,0.4147594794968,"Sticky-GM",73.136204449732
"300",62,618.971669604652,"kNN","GM",0.338527882822671,NA,NA,NA,0.125284339404866,NA,NA,2,0.269513643761827,"kNN-GM",73.136204449732
"301",63,692.8219471174,"kNN","GM",0.259606824203475,NA,NA,NA,0.177852455687708,NA,NA,2,0.485100526991438,"kNN-GM",65.5559084794593
"302",63,663.266802004871,"DF","UCB",0.2911913140454,NA,NA,0.50610717584513,0.0875485737790433,0.0254471007387659,NA,NA,0.579936836454954,"DF-UCB",65.5559084794593
"303",63,633.890614345519,"BMT","UCB",0.32258455867975,10.7297915703562,NA,0.193541387573508,0.00694809470174824,NA,NA,NA,0.0184993294282708,"BMT-UCB",65.5559084794593
"304",63,742.570446794677,"Sticky","GM",0.206442443628605,NA,NA,NA,1.02531897813432,NA,NA,NA,3.52191909481367,"Sticky-GM",65.5559084794593
"305",63,677.562348494183,"dNN","GM",0.275914192543972,NA,NA,NA,0.176982949821258,NA,2,NA,0.493793223898966,"dNN-GM",65.5559084794593
"306",64,478.66950519456,"BMT","UCB",0.488463613800766,3.19972314145925,NA,0.00683884626372428,0.0681543398546268,NA,NA,NA,0.180382353694679,"BMT-UCB",77.275664417632
"307",64,395.2258474712,"kNN","GM",0.577636762831231,NA,NA,NA,0.0826366302599185,NA,NA,1,0.195418862585074,"kNN-GM",77.275664417632
"308",64,426.97496785331,"DF","UCB",0.543707652810596,NA,NA,0.00674018678168236,0.0956642455849142,2.09186609385957,NA,NA,0.242746749285881,"DF-UCB",77.275664417632
"309",64,523.039650687139,"Sticky","GM",0.441046881307681,NA,NA,NA,3.33955412676645,NA,NA,NA,14.9828028939566,"Sticky-GM",77.275664417632
"310",64,395.225165798311,"dNN","GM",0.577637491309821,NA,NA,NA,0.0826366377980215,NA,1,NA,0.195420326791708,"dNN-GM",77.275664417632
"311",65,444.853979673931,"DF","UCB",0.524601014522,NA,NA,0.0863451261034778,0.079593693855792,1.52368206336858,NA,NA,0.177160045492557,"DF-UCB",75.2658257777955
"312",65,584.737940112183,"Sticky","GM",0.375112202652242,NA,NA,NA,0.370340120830078,NA,NA,NA,1.63120544750329,"Sticky-GM",75.2658257777955
"313",65,466.957038795858,"dNN","GM",0.500980293200756,NA,NA,NA,0.0923970929048104,NA,1,NA,0.216776867728025,"dNN-GM",75.2658257777955
"314",65,490.373571667018,"BMT","UCB",0.4759559110911,2.74113996546683,NA,0.0393464653636719,0.0624277498330932,NA,NA,NA,0.134734070974583,"BMT-UCB",75.2658257777955
"315",65,454.968483580504,"kNN","GM",0.513792018501952,NA,NA,NA,0.0911192978115133,NA,NA,3,0.210162510992911,"kNN-GM",75.2658257777955
"316",66,526.405559161839,"BMT","UCB",0.437449859482099,6.43226134379205,NA,0.00678090178428069,0.0209830483839755,NA,NA,NA,0.0530557048032411,"BMT-UCB",65.4046069204729
"317",66,470.608276158534,"kNN","GM",0.497078350951688,NA,NA,NA,0.0692988867399965,NA,NA,3,0.167904479935581,"kNN-GM",65.4046069204729
"318",66,481.380049618131,"DF","UCB",0.485566955283733,NA,NA,0.00673928194820947,0.0826720413827274,1.49161263699031,NA,NA,0.208637068998182,"DF-UCB",65.4046069204729
"319",66,482.548052983729,"dNN","GM",0.484318753310926,NA,NA,NA,0.074227134789334,NA,2,NA,0.187934501655422,"dNN-GM",65.4046069204729
"320",66,609.513569783058,"Sticky","GM",0.348635404088483,NA,NA,NA,2.18696425743772,NA,NA,NA,9.10462834500401,"Sticky-GM",65.4046069204729
"321",68,538.50521565888,"DF","UCB",0.424519404352661,NA,NA,0.00674445976198936,0.103208745386507,1.96382053560126,NA,NA,0.255868722706655,"DF-UCB",70.3800602271518
"322",68,542.724916428469,"dNN","GM",0.420009966297607,NA,NA,NA,0.10106879026481,NA,2,NA,0.244650566994926,"dNN-GM",70.3800602271518
"323",68,661.651226441967,"Sticky","GM",0.292917819862276,NA,NA,NA,0.392794506510058,NA,NA,NA,1.63525670983208,"Sticky-GM",70.3800602271518
"324",68,535.123631849931,"BMT","UCB",0.428133177827861,9.11863499292274,NA,0.126554146872838,0.00690270234708677,NA,NA,NA,0.0135477708246087,"BMT-UCB",70.3800602271518
"325",68,536.106640191982,"kNN","GM",0.427082673190655,NA,NA,NA,0.0973281408365705,NA,NA,4,0.238703702144419,"kNN-GM",70.3800602271518
"326",71,476.280164112802,"BMT","UCB",0.491017014193096,5.30297118296563,NA,0.223900355411343,0.0161510613893588,NA,NA,NA,0.0302761438653139,"BMT-UCB",79.9854031200931
"327",71,455.191489630604,"dNN","GM",0.513553700188939,NA,NA,NA,0.107247317896434,NA,1,NA,0.241124623144437,"dNN-GM",79.9854031200931
"328",71,446.849052065728,"DF","UCB",0.52246895448803,NA,NA,0.410728758514815,0.077083050582026,1.37375773106683,NA,NA,0.23138325730685,"DF-UCB",79.9854031200931
"329",71,600.100935339927,"Sticky","GM",0.358694338186859,NA,NA,NA,0.0583213393918722,NA,NA,NA,0.261656824757067,"Sticky-GM",79.9854031200931
"330",71,454.205455467426,"kNN","GM",0.514607438409209,NA,NA,NA,0.104705568031229,NA,NA,2,0.234998791304935,"kNN-GM",79.9854031200931
"331",72,347.443355855976,"BMT","UCB",0.628700143345752,0.0126828611193018,NA,0.216929665012142,0.00720294958813042,NA,NA,NA,0.130160171508204,"BMT-UCB",81.9514332685408
"332",72,298.169262407608,"DF","UCB",0.681357543540018,NA,NA,0.54107467855315,0.020774116753029,0.152058450621789,NA,NA,0.18964315051123,"DF-UCB",81.9514332685408
"333",72,406.990380401342,"kNN","GM",0.565064441855904,NA,NA,NA,0.118982123417758,NA,NA,0,0.261696965145383,"kNN-GM",81.9514332685408
"334",72,419.588309946356,"dNN","GM",0.551601500759563,NA,NA,NA,0.116609642862585,NA,0,NA,0.262652123960763,"dNN-GM",81.9514332685408
"335",72,503.293875606445,"Sticky","GM",0.462148460409478,NA,NA,NA,0.0456595651508759,NA,NA,NA,0.206737792230299,"Sticky-GM",81.9514332685408
"336",73,271.464769405261,"DF","UCB",0.709895646965158,NA,NA,0.541263556728996,0.036471753066281,1.36917886427239,NA,NA,0.166806256922165,"DF-UCB",80.2841954770818
"337",73,348.484228976228,"kNN","GM",0.627587800761468,NA,NA,NA,0.0975759943053917,NA,NA,0,0.217874671177501,"kNN-GM",80.2841954770818
"338",73,341.127403498594,"dNN","GM",0.635449767897222,NA,NA,NA,0.0949162995765476,NA,0,NA,0.206889987982793,"dNN-GM",80.2841954770818
"339",73,441.881772288789,"Sticky","GM",0.527777302562769,NA,NA,NA,0.0691690402767975,NA,NA,NA,0.34518343126989,"Sticky-GM",80.2841954770818
"340",73,309.657735402271,"BMT","UCB",0.669080237601657,6.96011316894326,NA,0.11607571996473,0.00787298947953693,NA,NA,NA,0.00796207879195894,"BMT-UCB",80.2841954770818
"341",74,882.370060062909,"BMT","UCB",0.0570437704580322,0.149929633608296,NA,16.1514564592674,0.097720483719523,NA,NA,NA,0.245901476122775,"BMT-UCB",58.8524073201894
"342",74,844.753332984416,"dNN","GM",0.0972433746140438,NA,NA,NA,0.149106510177676,NA,1,NA,0.00673794700053212,"dNN-GM",58.8524073201894
"343",74,935.748853368621,"Sticky","GM",-1.70572180380191e-07,NA,NA,NA,148.413158977791,NA,NA,NA,0.00673794700046797,"Sticky-GM",58.8524073201894
"344",74,846.225424749877,"DF","UCB",0.0956702046216267,NA,NA,0.516047610506155,0.00676795017824558,0.0234047299219733,NA,NA,0.00689335394467601,"DF-UCB",58.8524073201894
"345",74,841.592385190769,"kNN","GM",0.100621362544714,NA,NA,NA,0.147339980096722,NA,NA,2,0.00673794700025244,"kNN-GM",58.8524073201894
"346",75,612.289347172013,"Sticky","GM",0.345669033515405,NA,NA,NA,0.246888374701212,NA,NA,NA,1.08744809825353,"Sticky-GM",74.0967665565154
"347",75,504.12693131083,"DF","UCB",0.461258204606885,NA,NA,0.120593961960542,0.0875132224238551,0.942994208020046,NA,NA,0.219571111168044,"DF-UCB",74.0967665565154
"348",75,507.192184803889,"dNN","GM",0.457982481633919,NA,NA,NA,0.102763540200671,NA,2,NA,0.279208920160637,"dNN-GM",74.0967665565154
"349",75,504.565765178669,"BMT","UCB",0.46078923909214,7.182504684732,NA,0.0944718495772143,0.0121528328587861,NA,NA,NA,0.0243887771197951,"BMT-UCB",74.0967665565154
"350",75,503.574222849525,"kNN","GM",0.461848863685538,NA,NA,NA,0.102665284770201,NA,NA,2,0.26905971805847,"kNN-GM",74.0967665565154
"351",76,909.912257138615,"kNN","GM",0.0276104436903977,NA,NA,NA,0.246445793117834,NA,NA,2,0.0078153638928104,"kNN-GM",57.9988660377707
"352",76,935.867161639525,"Sticky","GM",-0.000126602243091023,NA,NA,NA,0.645133211948632,NA,NA,NA,0.309388521209754,"Sticky-GM",57.9988660377707
"353",76,898.64759812605,"BMT","UCB",0.0396485679087178,3.22929420380355,NA,41.5325206496467,2.88811864604091,NA,NA,NA,11.9682463703804,"BMT-UCB",57.9988660377707
"354",76,916.784144442275,"DF","UCB",0.0202667120351837,NA,NA,5.4533744898562,1.4129685017593,0.0183933443491189,NA,NA,5.84129915558224,"DF-UCB",57.9988660377707
"355",76,906.428575845005,"dNN","GM",0.0313333249691594,NA,NA,NA,0.246670220303498,NA,1,NA,0.00781535319612221,"dNN-GM",57.9988660377707
"356",77,515.513350606248,"BMT","UCB",0.449089959680232,10.4764655368335,NA,0.00683467977224571,0.00677511119837671,NA,NA,NA,0.0164556685245889,"BMT-UCB",66.5046525733747
"357",77,545.919233132289,"Sticky","GM",0.416596318247512,NA,NA,NA,0.175395736092311,NA,NA,NA,0.765432000965238,"Sticky-GM",66.5046525733747
"358",77,544.172721393419,"DF","UCB",0.41846275071012,NA,NA,0.146866225871491,0.107242358227575,0.0195049058794271,NA,NA,0.401351798142059,"DF-UCB",66.5046525733747
"359",77,530.445154168924,"dNN","GM",0.433132893790304,NA,NA,NA,0.111175415131232,NA,1,NA,0.380718517961745,"dNN-GM",66.5046525733747
"360",77,530.445508460597,"kNN","GM",0.433132515171905,NA,NA,NA,0.111175939170411,NA,NA,1,0.38071771674398,"kNN-GM",66.5046525733747
"361",78,461.145652318175,"BMT","UCB",0.507190706868936,0.00815036762737158,NA,0.149734337544933,0.0103420414435154,NA,NA,NA,0.0468912199208789,"BMT-UCB",77.5487848584971
"362",78,555.246832953594,"Sticky","GM",0.406628257502627,NA,NA,NA,1.29368202329868,NA,NA,NA,5.99321864042723,"Sticky-GM",77.5487848584971
"363",78,456.570917720817,"dNN","GM",0.512079556437077,NA,NA,NA,0.107338682840214,NA,3,NA,0.30620145108804,"dNN-GM",77.5487848584971
"364",78,447.765380064858,"kNN","GM",0.52148970866568,NA,NA,NA,0.10563465154724,NA,NA,4,0.282424026023581,"kNN-GM",77.5487848584971
"365",78,439.056178251549,"DF","UCB",0.530796910344318,NA,NA,0.34134029623427,0.0235510517780888,0.11302441664403,NA,NA,0.0795986469156336,"DF-UCB",77.5487848584971
"366",79,782.164146670257,"Sticky","GM",0.164130121805684,NA,NA,NA,0.0284097860578081,NA,NA,NA,0.103139674299751,"Sticky-GM",61.6426753808799
"367",79,749.148057846316,"dNN","GM",0.19941319411372,NA,NA,NA,0.172363607243635,NA,0,NA,0.441588595048472,"dNN-GM",61.6426753808799
"368",79,754.894596099919,"DF","UCB",0.193272081342792,NA,NA,0.144548086876051,0.145267280377145,0.0185321933832512,NA,NA,0.424267928335036,"DF-UCB",61.6426753808799
"369",79,676.598444304577,"BMT","UCB",0.276944281280443,13.9033891381027,NA,0.0252148761851497,0.00679304891346633,NA,NA,NA,0.00992619329561405,"BMT-UCB",61.6426753808799
"370",79,749.143794173564,"kNN","GM",0.199417750543005,NA,NA,NA,0.172355202790925,NA,NA,0,0.441589669623964,"kNN-GM",61.6426753808799
"371",80,321.757602028076,"BMT","UCB",0.656149557915386,5.14053221576253,NA,0.0067586339232365,0.0302127455241022,NA,NA,NA,0.0832574851128522,"BMT-UCB",81.0255911608389
"372",80,323.375686033211,"kNN","GM",0.654420371419126,NA,NA,NA,0.120058967654532,NA,NA,0,0.39634772805309,"kNN-GM",81.0255911608389
"373",80,328.463760459518,"DF","UCB",0.648982934572824,NA,NA,0.47320342690728,0.118124092187084,3.17458267061734,NA,NA,0.565263267883772,"DF-UCB",81.0255911608389
"374",80,377.92846669848,"Sticky","GM",0.59612183354321,NA,NA,NA,0.0647831524182212,NA,NA,NA,0.348526710251246,"Sticky-GM",81.0255911608389
"375",80,319.145367926183,"dNN","GM",0.658941155829787,NA,NA,NA,0.0808649239608308,NA,20,NA,0.252902684891907,"dNN-GM",81.0255911608389
"376",81,364.938395231119,"Sticky","GM",0.610003842200066,NA,NA,NA,1.89426856056227,NA,NA,NA,10.190970439196,"Sticky-GM",74.4902858918369
"377",81,310.172801781115,"DF","UCB",0.668529805223519,NA,NA,0.00675468219410925,0.0573642709210241,0.659223684135588,NA,NA,0.152462847168408,"DF-UCB",74.4902858918369
"378",81,309.869600269014,"dNN","GM",0.668853825458999,NA,NA,NA,0.0568539494312333,NA,1,NA,0.153408262022943,"dNN-GM",74.4902858918369
"379",81,302.508472933054,"kNN","GM",0.676720389831548,NA,NA,NA,0.0568769551665261,NA,NA,1,0.153340402828938,"kNN-GM",74.4902858918369
"380",81,253.69225732664,"BMT","UCB",0.728888472920689,8.00754367619,NA,0.00704756787351849,0.00675455162155056,NA,NA,NA,0.00674666115140247,"BMT-UCB",74.4902858918369
"381",82,173.268508029611,"DF","UCB",0.814834357572927,NA,NA,0.636834381420509,0.0397363227957499,1.31212713060866,NA,NA,0.232854005967057,"DF-UCB",86.9279632343521
"382",82,255.175575686595,"kNN","GM",0.727303305482194,NA,NA,NA,0.114851791265547,NA,NA,2,0.369710795927646,"kNN-GM",86.9279632343521
"383",82,228.713844734346,"BMT","UCB",0.755581978088231,6.97900220502573,NA,0.141179034908697,0.00684777933997864,NA,NA,NA,0.00705390405644879,"BMT-UCB",86.9279632343521
"384",82,267.435449862266,"dNN","GM",0.714201631648741,NA,NA,NA,0.104433886124078,NA,6,NA,0.390344245005196,"dNN-GM",86.9279632343521
"385",82,323.059856376592,"Sticky","GM",0.654757886885326,NA,NA,NA,0.728351225331226,NA,NA,NA,3.98266829601055,"Sticky-GM",86.9279632343521
"386",83,569.092017339792,"DF","UCB",0.39183242131436,NA,NA,0.0378790936831696,0.0749106522376314,1.71310122180139,NA,NA,0.0308215210661343,"DF-UCB",73.5731250625525
"387",83,545.680962892586,"kNN","GM",0.416850948835075,NA,NA,NA,0.0700406632746925,NA,NA,1,0.0343490470640252,"kNN-GM",73.5731250625525
"388",83,685.261021346763,"BMT","UCB",0.267686905769273,3.29145544273114,NA,0.145238707623993,0.0294360269833079,NA,NA,NA,0.0172196154805997,"BMT-UCB",73.5731250625525
"389",83,545.680965932366,"dNN","GM",0.416850945586575,NA,NA,NA,0.0700406626028292,NA,1,NA,0.03434904245772,"dNN-GM",73.5731250625525
"390",83,794.106183352103,"Sticky","GM",0.151368109139748,NA,NA,NA,4.37869486964104,NA,NA,NA,13.8968135802645,"Sticky-GM",73.5731250625525
"391",84,429.922614607208,"DF","UCB",0.540557611807529,NA,NA,0.403496601562467,0.0747928497880468,0.460882187874335,NA,NA,0.400269733964234,"DF-UCB",72.1138082646454
"392",84,444.593770350604,"kNN","GM",0.524879090596338,NA,NA,NA,0.134138302096527,NA,NA,4,0.443075175079427,"kNN-GM",72.1138082646454
"393",84,393.437361026939,"BMT","UCB",0.579548052108144,10.6482594580032,NA,0.0977384012347249,0.00688608058524405,NA,NA,NA,0.016969856494802,"BMT-UCB",72.1138082646454
"394",84,517.90406273154,"Sticky","GM",0.446535094104415,NA,NA,NA,1.51501678060152,NA,NA,NA,6.73487926771371,"Sticky-GM",72.1138082646454
"395",84,436.441013899706,"dNN","GM",0.533591639708402,NA,NA,NA,0.133376491575046,NA,2,NA,0.439342916258924,"dNN-GM",72.1138082646454
"396",85,510.723726933832,"DF","UCB",0.454208453250541,NA,NA,0.333630663554583,0.088556793546092,0.474065966379375,NA,NA,0.382969045332191,"DF-UCB",74.5192588160563
"397",85,542.524968562724,"Sticky","GM",0.420223643182309,NA,NA,NA,0.902229728788423,NA,NA,NA,4.06643972019414,"Sticky-GM",74.5192588160563
"398",85,467.340512791274,"kNN","GM",0.50057048873298,NA,NA,NA,0.136616116074727,NA,NA,4,0.438616136507736,"kNN-GM",74.5192588160563
"399",85,461.359440003778,"dNN","GM",0.506962239880919,NA,NA,NA,0.135276337032932,NA,1,NA,0.424827886494442,"dNN-GM",74.5192588160563
"400",85,570.417046243238,"BMT","UCB",0.39041641196026,10.5677110877002,NA,0.00708243310691823,0.00676452935405924,NA,NA,NA,0.00784083999558169,"BMT-UCB",74.5192588160563
"401",86,253.1609559755,"DF","UCB",0.729456255012916,NA,NA,0.277288657353594,0.0414316318384083,1.06573389778562,NA,NA,0.114736261163649,"DF-UCB",83.6535766802238
"402",86,229.819875141305,"dNN","GM",0.754400004322903,NA,NA,NA,0.0737377109228449,NA,1,NA,0.183090209306392,"dNN-GM",83.6535766802238
"403",86,232.948491871373,"kNN","GM",0.751056567403413,NA,NA,NA,0.0705749858696278,NA,NA,2,0.17831874870648,"kNN-GM",83.6535766802238
"404",86,286.731664342536,"BMT","UCB",0.69358048132384,2.45516068287934,NA,0.00683674231443264,0.0557556355723346,NA,NA,NA,0.101620024832116,"BMT-UCB",83.6535766802238
"405",86,338.248283657317,"Sticky","GM",0.63852657672473,NA,NA,NA,1.54378311635766,NA,NA,NA,8.35001580606734,"Sticky-GM",83.6535766802238
"406",87,318.052860306464,"BMT","UCB",0.660108678292825,7.35908646827764,NA,0.00726911393416567,0.00885617555010947,NA,NA,NA,0.00677131054653149,"BMT-UCB",75.892320760306
"407",87,460.641461916444,"Sticky","GM",0.507729516492817,NA,NA,NA,0.0854310870025494,NA,NA,NA,0.438924190764599,"Sticky-GM",75.892320760306
"408",87,332.000055460237,"DF","UCB",0.645203826972337,NA,NA,0.00674627494466239,0.0607789406639647,1.55510716052508,NA,NA,0.141426712445395,"DF-UCB",75.892320760306
"409",87,300.192853805652,"dNN","GM",0.679195006299467,NA,NA,NA,0.0464401915249217,NA,1,NA,0.0931761771650701,"dNN-GM",75.892320760306
"410",87,300.192928379525,"kNN","GM",0.679194926605129,NA,NA,NA,0.046440197218671,NA,NA,1,0.0931760006766734,"kNN-GM",75.892320760306
"411",88,620.422088932035,"BMT","UCB",0.336977873362801,9.55452439827955,NA,0.00683243024334024,0.0115362139871052,NA,NA,NA,0.0203599835431182,"BMT-UCB",65.2787524613938
"412",88,641.634762962976,"DF","UCB",0.314308673638036,NA,NA,0.198839817819019,0.119668005023094,0.0183840495602485,NA,NA,0.431224392775204,"DF-UCB",65.2787524613938
"413",88,678.770227802048,"kNN","GM",0.274623376627343,NA,NA,NA,0.151301033880731,NA,NA,1,0.415312870058812,"kNN-GM",65.2787524613938
"414",88,680.988055890868,"dNN","GM",0.272253265823429,NA,NA,NA,0.13786591347169,NA,2,NA,0.371487525056194,"dNN-GM",65.2787524613938
"415",88,709.904720481242,"Sticky","GM",0.241351096487441,NA,NA,NA,0.269645297915188,NA,NA,NA,1.02459859399539,"Sticky-GM",65.2787524613938
"416",89,208.860684139179,"DF","UCB",0.776798316115356,NA,NA,0.0979457093469651,0.0288014331438038,0.462895977037872,NA,NA,0.0714251652733523,"DF-UCB",70.9319389928632
"417",89,216.109206138009,"kNN","GM",0.76905208889944,NA,NA,NA,0.0465158627497724,NA,NA,2,0.155045490136196,"kNN-GM",70.9319389928632
"418",89,199.386727181757,"BMT","UCB",0.786922783315406,5.45074654942718,NA,0.0440298661277355,0.0068151374684286,NA,NA,NA,0.00753637131484527,"BMT-UCB",70.9319389928632
"419",89,307.458993366613,"Sticky","GM",0.67142995184687,NA,NA,NA,0.252642634102624,NA,NA,NA,1.36649375410516,"Sticky-GM",70.9319389928632
"420",89,213.043473355475,"dNN","GM",0.772328324071331,NA,NA,NA,0.0475150489350034,NA,1,NA,0.154150241276189,"dNN-GM",70.9319389928632
"421",90,489.798157156066,"DF","UCB",0.476570835284733,NA,NA,0.383525457172196,0.0634001176071059,1.3833002345781,NA,NA,0.162997226111228,"DF-UCB",74.7050377447681
"422",90,520.843232151802,"BMT","UCB",0.443394112514086,9.21130233871802,NA,0.137296547880414,0.00761471520212565,NA,NA,NA,0.00909459407413326,"BMT-UCB",74.7050377447681
"423",90,517.265755950708,"dNN","GM",0.447217228939431,NA,NA,NA,0.102154259540855,NA,2,NA,0.203871716359465,"dNN-GM",74.7050377447681
"424",90,657.006671503017,"Sticky","GM",0.297881283845654,NA,NA,NA,7.54054105961285,NA,NA,NA,29.1161674490388,"Sticky-GM",74.7050377447681
"425",90,524.066860399217,"kNN","GM",0.439949140302074,NA,NA,NA,0.101745754265646,NA,NA,5,0.20430844394836,"kNN-GM",74.7050377447681
"426",91,416.442479031451,"DF","UCB",0.554963333841348,NA,NA,0.219360675701833,0.0752976413116809,1.3064191943527,NA,NA,0.169397721255612,"DF-UCB",81.5897430268476
"427",91,499.673384406716,"BMT","UCB",0.46601754537202,13.9899076753088,NA,0.00738894515335767,0.00692993589515893,NA,NA,NA,0.0121480563889267,"BMT-UCB",81.5897430268476
"428",91,552.044662174393,"Sticky","GM",0.41005029891243,NA,NA,NA,3.22311416099592,NA,NA,NA,13.7410349287222,"Sticky-GM",81.5897430268476
"429",91,386.633804947028,"kNN","GM",0.586818760713254,NA,NA,NA,0.084662214471117,NA,NA,3,0.163576699931764,"kNN-GM",81.5897430268476
"430",91,407.966768467917,"dNN","GM",0.564021012062104,NA,NA,NA,0.0889169442716155,NA,2,NA,0.175486567423928,"dNN-GM",81.5897430268476
"431",92,486.682014031918,"BMT","UCB",0.479900942123184,2.89968294530803,NA,0.0521291454122664,0.0445128701412047,NA,NA,NA,0.105921655041721,"BMT-UCB",71.2525569068245
"432",92,456.741794818245,"DF","UCB",0.511896946406661,NA,NA,0.0067398400747088,0.0787189021212601,1.32513103903951,NA,NA,0.167339342370728,"DF-UCB",71.2525569068245
"433",92,574.142721305386,"Sticky","GM",0.386434920896463,NA,NA,NA,0.537270030860903,NA,NA,NA,2.27975395074262,"Sticky-GM",71.2525569068245
"434",92,459.910125156963,"dNN","GM",0.508511069023279,NA,NA,NA,0.0773385302851848,NA,1,NA,0.160780363364322,"dNN-GM",71.2525569068245
"435",92,459.909892571291,"kNN","GM",0.50851131757898,NA,NA,NA,0.0773382965749289,NA,NA,1,0.160778589126586,"kNN-GM",71.2525569068245
"436",93,375.072207398657,"DF","UCB",0.599174212156059,NA,NA,0.0313498373394843,0.0661790621001043,0.0183185915075433,NA,NA,0.157997594191342,"DF-UCB",73.714292871859
"437",93,347.307227040564,"BMT","UCB",0.628845619173096,3.06755764273047,NA,0.00676508391348291,0.0327030848204741,NA,NA,NA,0.0469302955962006,"BMT-UCB",73.714292871859
"438",93,345.936921639062,"kNN","GM",0.630310013845134,NA,NA,NA,0.0683895729127704,NA,NA,0,0.143693228221161,"kNN-GM",73.714292871859
"439",93,473.505879280276,"Sticky","GM",0.493981789726354,NA,NA,NA,0.308874008764408,NA,NA,NA,1.49148810840458,"Sticky-GM",73.714292871859
"440",93,345.984333831716,"dNN","GM",0.630259346189417,NA,NA,NA,0.0682659726849236,NA,0,NA,0.14428187758452,"dNN-GM",73.714292871859
"441",94,882.370060062909,"BMT","UCB",0.0570437704580322,0.187999727827802,NA,70.6494217351537,0.121183530549175,NA,NA,NA,2.74901836999739,"BMT-UCB",53.9357631069432
"442",94,935.748853368621,"Sticky","GM",-1.7057218082428e-07,NA,NA,NA,148.413158976607,NA,NA,NA,0.00673794700651054,"Sticky-GM",53.9357631069432
"443",94,886.366015568331,"DF","UCB",0.0527734406867109,NA,NA,0.533676476831152,0.0219919122784117,0.0183169967864389,NA,NA,0.00676623458288879,"DF-UCB",53.9357631069432
"444",94,912.826201871275,"kNN","GM",0.0244964187902248,NA,NA,NA,0.309898518635766,NA,NA,4,0.00673794700042342,"kNN-GM",53.9357631069432
"445",94,914.9900615392,"dNN","GM",0.0221839820405246,NA,NA,NA,0.317387967942915,NA,2,NA,0.00673794700107234,"dNN-GM",53.9357631069432
"446",95,354.895513035202,"BMT","UCB",0.620736298748422,8.33142881839177,NA,0.065161711541136,0.00679637463285674,NA,NA,NA,0.00746432203240752,"BMT-UCB",79.3176138304807
"447",95,456.626677691237,"Sticky","GM",0.512019967820184,NA,NA,NA,7.81202977385294,NA,NA,NA,37.0311090040247,"Sticky-GM",79.3176138304807
"448",95,399.941710200296,"DF","UCB",0.572597094851394,NA,NA,0.222096400987704,0.0713059174666778,0.308748987086632,NA,NA,0.216785860664604,"DF-UCB",79.3176138304807
"449",95,377.840409653685,"kNN","GM",0.596215936848277,NA,NA,NA,0.0989291934758135,NA,NA,1,0.265855780625915,"kNN-GM",79.3176138304807
"450",95,377.84088013778,"dNN","GM",0.596215434059336,NA,NA,NA,0.0989313083771477,NA,1,NA,0.265861146289976,"dNN-GM",79.3176138304807
"451",97,223.232042936646,"DF","UCB",0.761440176805769,NA,NA,0.46014337298991,0.0497709756824586,1.85773975085105,NA,NA,0.268997972141499,"DF-UCB",80.7110333547181
"452",97,228.279160031822,"BMT","UCB",0.75604650954355,7.88257494694253,NA,0.00914996852709078,0.00687464534027366,NA,NA,NA,0.00679004623964548,"BMT-UCB",80.7110333547181
"453",97,265.66259075454,"kNN","GM",0.716096220569416,NA,NA,NA,0.0868199464838677,NA,NA,4,0.3312182824481,"kNN-GM",80.7110333547181
"454",97,325.594881219777,"Sticky","GM",0.652048799648442,NA,NA,NA,0.823439046807713,NA,NA,NA,4.43001754870211,"Sticky-GM",80.7110333547181
"455",97,257.951431494582,"dNN","GM",0.724336851105598,NA,NA,NA,0.0886751555258328,NA,2,NA,0.319359726870876,"dNN-GM",80.7110333547181
"456",98,908.059979005207,"BMT","UCB",0.0295899047847793,0.0122699099762431,NA,0.418436067100826,0.190405288270875,NA,NA,NA,0.859142737252744,"BMT-UCB",53.1267796641406
"457",98,881.167528703363,"DF","UCB",0.0583288712202039,NA,NA,5.24816977461344,1.10724056535984,1.45447012070621,NA,NA,2.85710835755712,"DF-UCB",53.1267796641406
"458",98,939.806896190568,"Sticky","GM",-0.00433685076102308,NA,NA,NA,2.53640415911979,NA,NA,NA,0.503339511990176,"Sticky-GM",53.1267796641406
"459",98,939.784191141144,"kNN","GM",-0.00431258671494383,NA,NA,NA,1.18562425573145,NA,NA,21,1.02076156144547,"kNN-GM",53.1267796641406
"460",98,939.660705435132,"dNN","GM",-0.00418062211073345,NA,NA,NA,0.818153550755736,NA,11,NA,0.765367910472448,"dNN-GM",53.1267796641406
"461",99,390.965506753191,"Sticky","GM",0.582189631295208,NA,NA,NA,0.093502292247864,NA,NA,NA,0.471113053778872,"Sticky-GM",82.0685005029981
"462",99,261.121064339439,"DF","UCB",0.720949581782106,NA,NA,0.68142794002088,0.0752991178868521,2.8349200344609,NA,NA,0.394858592927695,"DF-UCB",82.0685005029981
"463",99,319.227790152879,"BMT","UCB",0.658853074246295,8.01837918629567,NA,0.0758345299062504,0.00708411812494785,NA,NA,NA,0.00694256679002627,"BMT-UCB",82.0685005029981
"464",99,294.720798645032,"kNN","GM",0.68504278914665,NA,NA,NA,0.0967866153225308,NA,NA,0,0.244257568657581,"kNN-GM",82.0685005029981
"465",99,290.980270666391,"dNN","GM",0.689040152972644,NA,NA,NA,0.0958210141667495,NA,0,NA,0.241652388458496,"dNN-GM",82.0685005029981
"466",100,380.375191552533,"kNN","GM",0.593507109237015,NA,NA,NA,0.117673843929658,NA,NA,24,0.416681956534153,"kNN-GM",76.4768189038695
"467",100,453.825379857718,"DF","UCB",0.515013611147941,NA,NA,0.280974460649017,0.113702052470813,0.294456874164918,NA,NA,0.526132128521192,"DF-UCB",76.4768189038695
"468",100,379.78742945186,"dNN","GM",0.594135228842841,NA,NA,NA,0.107722268217894,NA,10,NA,0.363548007352856,"dNN-GM",76.4768189038695
"469",100,442.930007543285,"Sticky","GM",0.526657092338067,NA,NA,NA,3.4545073684249,NA,NA,NA,16.916399738477,"Sticky-GM",76.4768189038695
"470",100,512.05429814134,"BMT","UCB",0.452786521041193,6.58770208521727,NA,0.00677333919871466,0.0307795770654089,NA,NA,NA,0.09197314206994,"BMT-UCB",76.4768189038695
"471",101,352.954628405183,"BMT","UCB",0.622810450326693,6.92701051336016,NA,0.11514451557795,0.00783300735202147,NA,NA,NA,0.00675278774326161,"BMT-UCB",82.2933968957599
"472",101,346.020085961442,"kNN","GM",0.630221139211448,NA,NA,NA,0.0675923038664107,NA,NA,1,0.129897252017987,"kNN-GM",82.2933968957599
"473",101,494.608652766863,"Sticky","GM",0.471430036646278,NA,NA,NA,0.506865093496615,NA,NA,NA,2.33741529156215,"Sticky-GM",82.2933968957599
"474",101,364.025347621778,"DF","UCB",0.610979582391245,NA,NA,0.0711245273375082,0.0746402984862842,1.68872240980456,NA,NA,0.158124059969787,"DF-UCB",82.2933968957599
"475",101,346.020137173895,"dNN","GM",0.630221084482595,NA,NA,NA,0.0675922837766597,NA,1,NA,0.129897074766398,"dNN-GM",82.2933968957599
"476",102,565.306138636476,"BMT","UCB",0.395878249781531,9.66328168900101,NA,0.0482000237035938,0.00769926152819937,NA,NA,NA,0.0179968341248597,"BMT-UCB",61.1947301465169
"477",102,585.481497825135,"DF","UCB",0.374317590041064,NA,NA,0.25568010064288,0.0832889355466874,0.018502856722329,NA,NA,0.440061552520531,"DF-UCB",61.1947301465169
"478",102,598.709139878235,"kNN","GM",0.360181698490944,NA,NA,NA,0.130465778706096,NA,NA,0,0.392517324931416,"kNN-GM",61.1947301465169
"479",102,662.908497085817,"Sticky","GM",0.291574221252693,NA,NA,NA,1.65006628109626,NA,NA,NA,7.10102292891498,"Sticky-GM",61.1947301465169
"480",102,598.708195275425,"dNN","GM",0.36018270795301,NA,NA,NA,0.130476531128661,NA,0,NA,0.392516896109489,"dNN-GM",61.1947301465169
"481",103,477.397020585233,"DF","UCB",0.489823471012235,NA,NA,0.418698800059221,0.0388492420190784,0.0585246541694124,NA,NA,0.166565722397199,"DF-UCB",77.5138959028394
"482",103,635.224504816914,"Sticky","GM",0.321159079295919,NA,NA,NA,0.219799918460645,NA,NA,NA,0.963668071191818,"Sticky-GM",77.5138959028394
"483",103,474.114411572823,"BMT","UCB",0.49333147378511,6.18999372504973,NA,0.284143754190032,0.00782335861339678,NA,NA,NA,0.0181868301927872,"BMT-UCB",77.5138959028394
"484",103,547.178440855464,"kNN","GM",0.415250649552939,NA,NA,NA,0.15677467786343,NA,NA,1,0.410741864706635,"kNN-GM",77.5138959028394
"485",103,545.213357857092,"dNN","GM",0.417350661031966,NA,NA,NA,0.156775015802015,NA,1,NA,0.409405482246127,"dNN-GM",77.5138959028394
"486",104,228.960267704312,"kNN","GM",0.75531863497954,NA,NA,NA,0.0645425980357184,NA,NA,3,0.184117413793584,"kNN-GM",82.354404162726
"487",104,234.527935889516,"DF","UCB",0.749368674031312,NA,NA,0.129753530619236,0.0546943107795623,0.791705408478836,NA,NA,0.143360609901635,"DF-UCB",82.354404162726
"488",104,296.305098338737,"BMT","UCB",0.683349706693768,4.8044285293647,NA,0.0893485527934456,0.0185449110123087,NA,NA,NA,0.0423251331393507,"BMT-UCB",82.354404162726
"489",104,218.376506684122,"dNN","GM",0.766629108711231,NA,NA,NA,0.0608912971714155,NA,2,NA,0.189109705325967,"dNN-GM",82.354404162726
"490",104,333.950397077593,"Sticky","GM",0.643119569061671,NA,NA,NA,0.164579282935964,NA,NA,NA,0.915221678322304,"Sticky-GM",82.354404162726
