"participant","loo","errorVariance","beta","tau","omega"
1,1,7.93381154277076,0.0148459096745579,0.00733852633150716,0.00674672553721032
1,2,8.71228675317859,0.012546627213525,0.00697145772976179,0.00692562446774855
1,3,8.17236913892799,0.00702852759275691,0.00806355645406524,0.00680267681948939
1,4,8.84330269608001,0.00803287829422771,0.00706894188920651,0.00691440803962833
1,5,8.47130437247938,0.00735370183133279,0.00742432116166135,0.00675708582909079
1,6,6.41311736369395,0.147102879512186,0.00706084903933855,0.00685655897157133
1,7,8.69495688428852,0.0078625494081598,0.00715450164140966,0.00674757942217598
1,8,8.62905544552926,0.00685623778283906,0.0073416500629737,0.00675081772771118
1,9,8.34617044212776,0.00902765160521215,0.00754176060470104,0.00694440074422343
2,2,6.944373739493,0.165523030556699,0.00741066514393451,0.00679608128796533
2,3,7.09644399274729,0.167851934090373,0.00754320305470359,0.00687384548683215
2,4,6.93665659082202,0.17170890428992,0.00733477435604733,0.00728145022390951
2,5,6.70174156415832,0.20855453243697,0.00691628946106923,0.00694448326277131
2,6,6.93587838210212,0.158340439746867,0.0082800882418962,0.00684952252300431
2,8,6.91932415577092,0.188020596793485,0.00695407500542828,0.00678319970114599
2,9,7.06334474220765,0.180157864263087,0.00726331994452494,0.00678060703647179
2,7,7.11201367499993,0.168796444670252,0.0076003564371282,0.00681661236775025
2,1,7.01577436574379,0.177283828332957,0.00727409603636472,0.00678625659076587
3,3,3.58752316264272,0.00674103784966056,0.129222989325064,0.424454658560756
3,4,3.64774925825977,0.00677975027095751,0.0791388470958651,0.213735057692063
3,5,3.18210227422973,0.00677420018377085,0.137918751815333,0.490692384284675
3,6,3.80213513849514,0.00674775662239415,0.124343145597179,0.423370256989316
3,8,3.70073047954685,0.00674647863650628,0.130225982836999,0.466233425702549
3,9,3.32534185103059,0.00677819326818457,0.132127636710724,0.473437801889096
3,2,3.06113414671844,0.00680295631938918,0.12412628260363,0.41901932312088
3,1,3.25380033032713,0.00674576016317098,0.168718315588995,0.55498874226682
3,7,3.77785004724271,0.00676107011120437,0.108551603258603,0.372317032427832
4,1,8.98952925271719,0.10328885019959,0.0071365133682867,0.00998601100624761
4,2,11.0031394356129,0.00817666480246009,0.00677434144306238,0.009394021983253
4,3,11.0768617309103,0.00735275410753193,0.00674419690238205,0.0116446490388283
4,4,11.2989605684098,0.00686758929383936,0.00679882078707015,0.0109176418367138
4,5,10.8371522947061,0.00745417818453478,0.0068904352228044,0.0106359328402152
4,6,11.2461727487698,0.00762595187108991,0.0068607018166449,0.0117626218383879
4,8,11.4704044715359,0.00736459260174578,0.00675824451630058,0.0114036594372926
4,9,11.0192623104853,0.00704880513442126,0.00686715222714447,0.0111946928185991
4,7,10.638736881296,0.00702924739827344,0.00705428918065379,0.00988994826662181
5,8,9.06562118865237,0.0222308795285229,0.00674778944014739,0.0118194958590992
5,9,8.26502972743204,0.0421278118981697,0.00676583219355951,0.0131641125305967
5,2,8.79643976477788,0.0385717223075093,0.00678475007750973,0.0142936431565344
5,3,8.81611327809385,0.0351262595681699,0.00675442521843059,0.0136239669977037
5,4,9.0353930366479,0.0235812696142056,0.00685228365213661,0.0123073176006995
5,5,8.87769854431702,0.0144274268422027,0.00750598534117186,0.0129656942477474
5,6,8.99555188947423,0.0265662867438722,0.00690744567446402,0.0129799456734773
5,7,9.02059482631318,0.0302691243442305,0.00676050528994076,0.0131727513042271
5,1,8.1274540984069,0.0391768838312435,0.00675746328140297,0.00928524878595069
6,2,4.2470552468035,0.00677420163883193,0.0163444463680382,0.0769364831940093
6,9,8.16166710187987,0.00674425052586695,0.00983449225085034,0.0402385594991181
6,8,8.50127767395274,0.00676729872656433,0.00906311374558381,0.0386351998718194
6,1,7.18888797005428,0.00675104279956178,0.010500788396756,0.0444476196114325
6,3,8.81296894384715,0.00675622453288928,0.00795596985187308,0.0315989026985607
6,4,9.21609700833606,0.0067537053186724,0.00758047858302684,0.0325366868646281
6,5,7.810900254394,0.00678377718029082,0.00966944815175545,0.0414320232952103
6,6,10.103723300053,0.00674594084659402,0.0071722136517059,0.0317234918427525
6,7,7.44796547711105,0.00697783230597847,0.00681605986685098,0.0155427346250988
7,9,3.59032704971277,0.0686150622114213,0.0344678599994551,0.0501983967357316
7,8,3.33052741443732,0.0791806280112803,0.0374283947081353,0.0650104700107709
7,1,4.64039813221519,0.217965107745572,0.00952663188671118,0.00904294786476187
7,2,6.35633795170445,0.0966008097773032,0.0134443462604784,0.02237209156757
7,3,3.20397795187578,0.0626393649298378,0.0397847340053645,0.0639088624061044
7,4,3.20060636406327,0.0670860096832428,0.0392350910762587,0.0636580445227797
7,5,3.17129274734107,0.0767580441248247,0.0383850625559837,0.066862097573273
7,6,2.88922057241519,0.0735825333621808,0.0394886604002189,0.0650186701630261
7,7,3.31599955913298,0.0743210114002594,0.0374493642833473,0.059844721563976
8,1,7.19704318875637,0.00674677605281094,0.00674118563767062,0.00695742664791025
8,2,7.06058919883387,0.00678398192037128,0.00676934693105624,0.00677534361584483
8,3,7.19656592081353,0.00681933989573283,0.00675940002636788,0.0071439310592548
8,9,7.01619223988346,0.00716045884241302,0.00685361198772227,0.00680644473405151
8,4,6.83795786338234,0.00675839493376463,0.00713835661905254,0.00683723004053656
8,5,7.02985710489358,0.00693266016220957,0.00685006957335175,0.00680953931387984
8,6,6.26737192943738,0.0570259151526637,0.00724525871256792,0.00686045516788187
8,7,6.87721645112734,0.00677371221390702,0.00675951962841358,0.00676855665446687
8,8,6.8702966803981,0.00740625000061381,0.00675802563253702,0.0071858977152002
9,2,5.53550977307247,0.207130041795247,0.00748891026735643,0.00678002355635158
9,9,5.47634127328174,0.201876088637574,0.00857366734339896,0.00678741146100062
9,7,5.6911117973133,0.206139905505027,0.00780705059091534,0.00679847199548567
9,1,5.62823216686331,0.208478219151168,0.00723667202571922,0.00675486951291209
9,6,5.69166303490326,0.212026122371317,0.00675617735331002,0.00681258065197333
9,3,5.61507667699381,0.19711698414569,0.00790034634711585,0.00684883949607771
9,4,5.84307293960248,0.208608495231466,0.00712733846213369,0.00674149221230462
9,5,5.37671723453485,0.199634087374304,0.00806414601253871,0.00683338951652498
9,8,5.15985558620745,0.234223520085713,0.00767810255908117,0.00729785678893782
10,4,3.06167290617742,0.111592500353388,0.0231335739218136,0.0516652148446176
10,5,2.89980791602247,0.101516702285353,0.0277595738862155,0.0570121311140913
10,6,2.84239270344943,0.0947583126969153,0.0305889634153168,0.0684645640149198
10,9,2.66624253892817,0.0934706541221251,0.028729518594785,0.057217612009169
10,2,2.87709609676033,0.102411195234626,0.0279127561118134,0.0605992046668369
10,3,3.10409833692265,0.132566003378645,0.0222987438437467,0.0548696074468354
10,1,2.89061011818196,0.107784203491769,0.0283256924637723,0.0629563780662914
10,7,3.131746584269,0.0901357336462753,0.0279809986245752,0.0550276061180597
10,8,2.31198925095427,0.0974216238895672,0.0294025958731705,0.0666300721853459
11,1,3.08130633074388,0.0419883289996612,0.0283687593274212,0.0568406899202017
11,2,3.09399667816942,0.0374094816897618,0.0279724538970371,0.0571125477062931
11,3,2.80906700385954,0.0364726262406587,0.0300071210326594,0.0563102403109435
11,4,3.56837386491594,0.0286406785013876,0.021095236148334,0.0285661935804862
11,5,2.63888873220153,0.0399350651192829,0.0286060728862965,0.0533481590691503
11,6,3.05490033601573,0.0688413161524921,0.022122129845874,0.0403445685673866
11,8,2.62502604759716,0.0396659550718271,0.0289188662356537,0.0557367695868565
11,9,2.58362898506488,0.0432151029878238,0.0285310668047366,0.0581438513215468
11,7,2.72059762201814,0.033754297096464,0.0318805389386581,0.0600910226345696
12,3,5.00154859533408,0.16197370935253,0.0109097559616535,0.0194910453382368
12,4,5.56294108351016,0.188509019738022,0.00683493403693205,0.0121097839990177
12,5,7.0222496161666,0.101652969658912,0.00710483499158746,0.00688618828542618
12,6,5.65830183242903,0.16885257285994,0.00885459367749375,0.0155949422118264
12,8,5.06236696932642,0.158581769940379,0.0109220371464025,0.0206147271512845
12,9,4.60713332651257,0.158103838487178,0.012724905480682,0.0263064044531333
12,2,4.76223232379633,0.157795408116907,0.0118523383725936,0.0229924203172885
12,1,5.13366262466815,0.165264791607749,0.0101812939253128,0.0185495882086203
12,7,5.37131138659777,0.168893917996626,0.00961755059587527,0.0190356325822025
13,2,9.8772329037517,0.0162403542463392,0.00677318525616982,0.00772101466605986
13,3,9.57128023571624,0.0151550634756658,0.00681169417230648,0.00695500082260158
13,4,8.80509136407237,0.0111025602350054,0.00702576249024662,0.00699249343684255
13,5,9.42396367045458,0.012066494452682,0.00730255122161079,0.00724073298360264
13,8,5.97672107560093,0.188139005327988,0.00684276087847168,0.00698168988198099
13,9,9.77263415746516,0.0195279805890319,0.00678818897830551,0.00871968596180178
13,1,10.0177429877852,0.00698789365036453,0.00674261343168768,0.00715034657474934
13,6,9.90809313585892,0.0106911636473667,0.006768294643934,0.00750613295121918
13,7,9.84674267074818,0.0174750044683949,0.00691206664763211,0.00910510934851149
14,8,4.21877768863718,0.0429430474665336,0.0223566945860186,0.0192250042887388
14,9,3.92059354711029,0.0207071238745722,0.0265929205205682,0.0204542462615372
14,1,4.37997971389745,0.0665665830500533,0.0172543543804523,0.015957544544466
14,2,3.94438165678634,0.0488882320477579,0.0250901782888577,0.0369544745575021
14,3,4.14889120308865,0.0412924166186887,0.0230395429900529,0.0203279589112101
14,4,4.26502890737015,0.0397320130914927,0.0227127581478446,0.019595080127053
14,5,4.09820792423705,0.124346899573569,0.0148281121550647,0.00757526643494749
14,6,4.16753148603302,0.0396541872130867,0.0230482218132475,0.0174762889210827
14,7,7.08843417620583,0.0987682851079462,0.00686311881972609,0.00683357959239812
15,1,0.007118765454632,0.185492929079467,0.00778917319938702,0.027370678720954
15,2,0.00748273681206701,0.187895898428827,0.00682119916500217,0.0252306859804439
15,9,0.0069215141263441,0.186596029745025,0.00739401132605204,0.0281157550200561
15,8,0.00829856226944988,0.172522731741618,0.00674256941800649,0.0125230015471825
15,3,0.00755605866646986,0.18718819142132,0.00698236277508145,0.0254277377151902
15,4,0.00747901974626125,0.187626801750895,0.0071235489867733,0.027765267229087
15,5,0.00693214067130972,0.187532044949789,0.00682601883867541,0.0253356427725184
15,6,0.00967080374089871,0.182785451751989,0.00982787806702462,0.0353548584889002
15,7,4.64013036148529,0.258826426884225,0.0068076052242142,0.00840410431640386
16,8,8.67611708319546,0.0726562593700888,0.00693285217788753,0.00674622735387578
16,9,8.16378031589126,0.0653741649370738,0.0076722448193638,0.00675932747048515
16,6,8.49543628596157,0.0540290692754904,0.00749571429845,0.00674422169702117
16,1,6.483158930205,0.0841678613366047,0.00811071184938039,0.006784968191061
16,2,8.46573731425769,0.0605595334385292,0.00722023187050494,0.00675689067457073
16,3,8.45524799761777,0.0922796719499455,0.00680074717485799,0.00683785578582765
16,4,8.23235163060744,0.0709820556020095,0.00723444702198245,0.00675445583131527
16,5,8.42360214007354,0.0788063690417119,0.00707960229157478,0.00684660679462269
16,7,8.5052538509069,0.0674987978010902,0.00682674618957105,0.00698378702506633
17,9,1.87434007744747,0.0103661316873168,0.0789940201891202,0.180940349909092
17,8,2.07573211729665,0.0287919761068734,0.0735668395618507,0.176052207378033
17,1,2.56589246014175,0.0234606122060598,0.0633983392480165,0.138084360374718
17,2,2.72793310926789,0.0114793254185502,0.0634412733530526,0.144118972501849
17,3,2.68790745184806,0.0214601662041002,0.0656900684765055,0.152940795386292
17,4,2.65293000519966,0.00691597590949485,0.0686953714945109,0.150238148139763
17,5,2.18338311948676,0.0267670464414597,0.0672537595435453,0.158093492171476
17,6,2.4836568569902,0.0133018475426602,0.0703175098742932,0.161397531769716
17,7,2.44395249932768,0.0261790998392338,0.0631930960611239,0.146169371142149
18,1,6.8096268001309,0.0128102097742438,0.00674615956698694,0.00723897901209355
18,5,7.32169103782053,0.0215669404345623,0.00675487529629209,0.00919706793601497
18,2,7.12937730375671,0.0202834426717858,0.00675773684759554,0.00983608690883043
18,3,7.27544025341602,0.0230635778505327,0.00677887747165402,0.00954522265323129
18,4,7.34801067315991,0.0196888745656976,0.00691558794913657,0.00923592956271117
18,9,7.4512596962703,0.0203777470438487,0.00675713117061003,0.00874988073606231
18,6,7.26150971510373,0.0243216036985332,0.00676158500881392,0.0086854453948848
18,7,7.38076017328412,0.0203537464051114,0.0067531260509354,0.00903649667558353
18,8,0.00875306430996035,0.140982996345128,0.00675677399404112,0.0848979714826619
19,3,6.80503771770825,0.00690983689832982,0.00675620822571266,0.00789803157048094
19,4,7.31367711646179,0.00689530915405367,0.00686063896338448,0.00953139775893007
19,5,7.4974968978719,0.00716631847592871,0.00697599827406663,0.00918202611156764
19,6,7.47624466292193,0.00779291397926987,0.00679412205877338,0.0108139230895609
19,2,6.59016873231386,0.00921889277725476,0.00675792766379484,0.0121092015829491
19,1,7.39778437410026,0.00708240830130227,0.00680805308806349,0.00953987378225664
19,7,7.31296249994772,0.00702842620106983,0.0067507313533147,0.00911932864499231
19,8,7.54040197459239,0.00675897521685169,0.00678563892174275,0.0100998420245426
19,9,7.3561381169373,0.00691023212358452,0.0067397979036998,0.00787536164873065
20,3,3.66987891193274,0.138051504308108,0.0258742161852333,0.0272625956020984
20,4,3.61562865905223,0.18781578439247,0.0189000216184743,0.0179597255374395
20,5,4.63020808070462,0.15816141355755,0.0175671923271722,0.0189168691478105
20,2,3.41032101976481,0.141483189276817,0.0264597464324113,0.0277314257754016
20,6,3.63981689616798,0.145291926095692,0.0247893411198579,0.0307749985230694
20,7,4.64977370385477,0.162063474436518,0.0165620711642962,0.0167094207619651
20,8,0.00676215817539423,0.125144471364789,0.0400147174572894,0.0966020080467871
20,9,3.58900645045486,0.142131154427481,0.0256344918182876,0.0295178129062258
20,1,7.23505014769689,0.197606128141332,0.00726031307797481,0.00949125568609578
22,1,7.81785397556543,0.0918516010029921,0.00700227509956891,0.00921565010194609
22,2,8.39550789760687,0.0844005788614708,0.00676073006812229,0.00735811635583011
22,4,7.08992779706229,0.123928337543039,0.00744752409050063,0.00835415740391951
22,5,8.22113056424868,0.08978638428452,0.00679420592250339,0.00765587048880957
22,6,8.1900437501864,0.0922411201862944,0.00675447234775568,0.00871277889107118
22,3,8.00338368179415,0.0893897451608227,0.00674338130557681,0.00782176302050109
22,7,8.10812081974984,0.0833509497838713,0.00682649285789441,0.00744506895320636
22,8,8.27241896646746,0.0905178240960184,0.00680242722727277,0.00846605489760911
22,9,8.50514709133494,0.0812246638389965,0.00691966022636956,0.00858043573970539
23,2,4.76264253756389,0.0986949115688997,0.00818914844473638,0.0144890992912564
23,3,3.74338079591334,0.0927737301524319,0.00807545722594178,0.0074424866161731
23,4,4.52892504023509,0.0970286705466157,0.00783524611172312,0.0103388092250023
23,5,4.74829303437683,0.102637606464656,0.00696231370090615,0.0096415356124405
23,1,5.78422792992003,0.0629463551369975,0.00694967639869196,0.00674319230300826
23,6,4.91227907327721,0.100648579578662,0.00689776466931264,0.00967785478727798
23,7,4.72301102506771,0.0985581828230105,0.0080984812468998,0.013678735898974
23,8,4.77879117080852,0.102690099428409,0.00708544716889372,0.0108976805372592
23,9,4.69108413912369,0.109337731183115,0.00679318392205671,0.00735295813895817
24,2,10.3971159245287,0.00675618729054481,0.00673907521136174,0.0129179024660715
24,3,10.2946132304789,0.00683966327865718,0.00675054446511177,0.0130458081345587
24,4,10.1227433367147,0.00691297897981591,0.00688865064079065,0.0136454562799739
24,5,10.3352576811833,0.00683719655864455,0.00677261025413064,0.0130550209277319
24,6,8.61321922473273,0.00676911416520771,0.00697374086991288,0.0106962491153793
24,7,10.4266350113889,0.00677113759942065,0.00676408009599699,0.0135174855906274
24,8,10.9875669173866,0.00674217352507484,0.00678949249129027,0.0138043302233774
24,9,10.6668557460506,0.00682870835000088,0.00675460270913003,0.0138597884151186
24,1,10.4510638789018,0.00704178210909293,0.00678989668670458,0.00895826888392941
25,1,4.29903934160788,0.143988896778281,0.0263096631968183,0.0511792446541715
25,2,5.89766310008311,0.0804087795802055,0.0182288904677335,0.0316309248773558
25,3,3.93110269656818,0.0598084991096733,0.0369527310690725,0.064897261984096
25,4,3.93553509452442,0.0530719825363535,0.0373150503490433,0.0646503882449899
25,5,4.00238313905668,0.0588560029127545,0.0358995012079446,0.0661180934834164
25,6,4.18878943089777,0.0702375606570869,0.032835479101344,0.0525629647080821
25,7,3.27831318284887,0.0493767649904665,0.0414741226432761,0.0728764238130891
25,8,3.55800472593015,0.054293753491725,0.0394212533665661,0.0694031721869338
25,9,4.02124842529552,0.064824942773275,0.035243906863166,0.063625409862867
26,2,8.09869880940946,0.0796079731186009,0.00678264954402157,0.00683235722778608
26,3,8.13483389192134,0.0798240054078687,0.00675550760145342,0.00677884304613156
26,1,7.04809190065619,0.144317822753256,0.00685616912934462,0.00681798030596678
26,9,7.93422901747454,0.0920401207376702,0.00700311783971235,0.00675560063710558
26,4,8.37348160902596,0.070244383983343,0.0071568841001825,0.00692524870153768
26,5,8.43840455696689,0.07180769257538,0.00694716342849992,0.00696231588406306
26,6,8.86822938252252,0.0714506048798856,0.00676354267202858,0.0068919309532556
26,7,8.10332767392963,0.0721454226795615,0.0074963087043421,0.00699326491588349
26,8,8.46331882806909,0.0659569330117938,0.00697054946221703,0.00681109884966118
27,9,4.19889017563425,0.00681805996375851,0.034707425943765,0.0492123149819803
27,2,5.24131761633993,0.00701327118338355,0.0242881239458226,0.0306267079845582
27,3,3.80952327602767,0.00689774336020535,0.0381553180142012,0.0513876265569847
27,1,5.40658594891417,0.00678730298343607,0.0237513845341469,0.029759695393424
27,4,4.36383802240557,0.00705679241365082,0.030400461761364,0.0397413577041601
27,5,4.57519547829289,0.00685187113078707,0.0307031138870375,0.0401181554987054
27,6,4.74783401121423,0.00681342634804862,0.03036523121357,0.0459287075334154
27,7,3.44914748199946,0.00685292644012694,0.0363450247847097,0.0431073453612542
27,8,3.49196737859047,0.0074463659993362,0.0409930176426965,0.0489625335147372
28,9,0.0112651435116925,0.0896193918332925,0.00693234014673575,0.0366518292665884
28,2,4.9234588633916,0.0833215961084234,0.00703550575764594,0.00818783456815914
28,1,4.54885354122575,0.096722919764119,0.00715077716827577,0.0078188952046644
28,6,4.62516039039037,0.0984268466533839,0.00710066994519096,0.00752147598165962
28,3,4.58086510777765,0.0968510034384831,0.00679657205952981,0.00694438673864514
28,4,4.69724215158213,0.0965871435587954,0.00679613514143169,0.00767287890282008
28,5,4.17731583789099,0.120426313697467,0.0067639612285997,0.00689308222782383
28,7,4.72311227556028,0.0933261874360917,0.00673918310367077,0.0069012195492868
28,8,4.72304769689908,0.0951599114984673,0.00685976106628206,0.0068308255783006
29,2,10.0369190756171,0.11865144284051,0.00674116654078479,0.00965280674191695
29,1,9.71735482369547,0.138750749643729,0.00675194455533567,0.010979854916122
29,6,7.69767587876578,0.137196005726954,0.00673917000369704,0.00682776655571542
29,3,9.95721992768826,0.108978762952804,0.00706142743109829,0.00950456426368917
29,4,10.3768624056115,0.116451366598875,0.00694588174555329,0.0116943983257729
29,5,9.85644336390577,0.120150907433912,0.00674694792965358,0.00926956433714459
29,8,10.1912276186579,0.110376707615106,0.00681079606000545,0.00845383844178918
29,9,9.80255798007024,0.114195083666117,0.00693277212282674,0.00987647353447579
29,7,10.1109589982756,0.105147925324408,0.00697149741493957,0.0095793807800062
30,1,7.19345303930705,0.0280578090738593,0.00683741595957461,0.00726583348245821
30,3,7.24448816039072,0.0164386739622313,0.00732601414202769,0.00676259405239641
30,4,7.59691374850157,0.0261160375122651,0.00674114072829753,0.00678843302507756
30,5,7.55442209311118,0.0279472484675631,0.00681355864949571,0.00676232897136288
30,2,7.58374946527116,0.02404041384589,0.00679179450550738,0.00681281506952669
30,6,7.40523025570121,0.0282206519706704,0.00685409919246172,0.00715501293276985
30,7,5.66941475994712,0.113294696445078,0.00689465413704593,0.00934898086834148
30,8,7.50235172803855,0.0264173032746038,0.00677441248552648,0.00681354433589421
30,9,7.56194620533058,0.0220203326616721,0.00693240166894745,0.00681207409015723
31,3,4.25373517590075,0.216388078403066,0.0134928450265909,0.0277282406313534
31,4,5.56430110844452,0.239587601239766,0.0086491082197286,0.0190281886585287
31,5,5.16683901680411,0.230851356649083,0.0114041324698161,0.0269075185161218
31,1,4.61453364982973,0.23306694778227,0.0120947734871876,0.0222692161880091
31,2,4.70837072746843,0.224088306941368,0.0127603018530205,0.0281420537129789
31,8,5.49484059192052,0.244639943490079,0.00694790921694399,0.0147155816174772
31,9,6.59540035257711,0.253920076158612,0.00693429398546899,0.0152526560443843
31,6,5.91339259790063,0.243787804171331,0.00874342915258361,0.0218215835596857
31,7,5.25363335855102,0.226220288919297,0.0113466493925978,0.0243993809945342
32,1,7.35803587243413,0.0082334241729052,0.00986695578447091,0.013556288018462
32,2,6.94720373396301,0.0139256931439565,0.00983710238220474,0.0136479418775302
32,3,7.6836403725743,0.0105749439682415,0.0093517871394432,0.0130691870412298
32,4,7.11150705164064,0.0311077036050841,0.00907465215880428,0.00905079211503803
32,5,8.99234225632613,0.00724511637955837,0.00674521965660286,0.00697918845506256
32,6,7.56338676841137,0.00745566639374964,0.00965503093000589,0.01325662654695
32,8,8.00980320143579,0.0171392934282277,0.00821442095325101,0.0122017775739298
32,9,6.81114075467505,0.0105888647153637,0.0101877157706312,0.0130031782720023
32,7,8.07693381772442,0.013022303718598,0.00855919206538113,0.014215665304428
33,8,7.21717061212557,0.171099496312887,0.0067581847525988,0.00745900459933413
33,9,7.39584491633777,0.172761200050941,0.00692660854623892,0.00762632592421816
33,1,7.09080193285304,0.170060491682833,0.0072027491976519,0.00749143340966618
33,2,7.45395815487294,0.161967802285873,0.00696146410304688,0.0073414943095932
33,3,7.15808868267447,0.187146986286601,0.0067446262385023,0.00719700801988307
33,4,7.47810770229124,0.155321684326683,0.00703112235833984,0.00674997553781602
33,5,7.70872573890825,0.166508198281897,0.00678506526158255,0.00746428112254058
33,6,7.94602291793824,0.154698762733838,0.0069110961422833,0.00715736197560086
33,7,7.49069473002777,0.16928135615123,0.0067864710388761,0.00841582384582245
34,1,9.59501432987811,0.101002390711492,0.00786478466111762,0.0106556417354344
34,8,10.194768575128,0.098622269046239,0.00691078045844553,0.0102951456800675
34,9,9.18008374921401,0.10147085945204,0.00688945603233648,0.00782982139034264
34,2,9.6857783255088,0.100836792909078,0.0076209570427134,0.0111852544208188
34,3,10.4692330399734,0.0956866477195736,0.0070987324776964,0.0101311568575815
34,4,10.1290862450628,0.0908445298892303,0.00743319374845661,0.0105531766431142
34,5,9.30843448385347,0.0956334618138167,0.00789284104068988,0.0126103171095217
34,6,10.4094826874973,0.0976947090262457,0.00690973922130713,0.0107350525560897
34,7,7.18905024287358,0.198959399907288,0.00852622713460745,0.00953510899838279
35,8,2.44647470152443,0.00701036234849058,0.063941211611474,0.00676195376631759
35,9,2.66516677722127,0.00675549067854081,0.0619558058191205,0.00682215698310034
35,1,2.6967820976721,0.0067439660927656,0.0582940705651556,0.00770507837463325
35,2,2.82376829288234,0.00675884249519973,0.0584724674381146,0.00675460179608932
35,3,2.59410787511436,0.0209111057293651,0.0610560732500814,0.00676256624463181
35,4,2.58822559662071,0.00674455356832863,0.063550113252949,0.00742851485722848
35,5,2.6807753034159,0.00677419881590691,0.0611207337075812,0.0067663396256174
35,6,2.69299269019734,0.00674324775635397,0.0628326250248412,0.0173923763340087
35,7,2.47234771804725,0.00680871499330134,0.0642051756569598,0.0149751290378496
36,1,10.9865597650373,0.00899625429629084,0.00679794170285951,0.00798391914762087
36,2,7.43068813684321,0.174895900363537,0.00717995460656381,0.00714300689896755
36,3,10.6918776511788,0.00682857720236077,0.00693666344196858,0.00723894330071919
36,4,10.9856320227561,0.00962915101695717,0.00677212342995388,0.00828022816370632
36,5,10.8003695131019,0.00788191001005388,0.0067705461505492,0.0071782650185251
36,6,9.88069780758633,0.00703981857879513,0.00734794084002436,0.0068560222601227
36,7,10.8211318684607,0.00927167323954176,0.00680362477090442,0.00890510127771037
36,8,10.8078267684379,0.00708414910772353,0.00678466489397642,0.00730682026510497
36,9,9.2932983620836,0.00764690020852056,0.00715550128461832,0.00680838342919447
37,4,3.79698875913888,0.00675886637879212,0.039163806161657,0.108849844103331
37,1,3.86455549755061,0.00691578663798346,0.0374720302619199,0.0990073856546059
37,2,3.47029666183926,0.00674903811290982,0.0413634117866925,0.12084885495857
37,3,3.34889854326607,0.00674838988930186,0.0441205565162422,0.131209178672443
37,8,4.29179575463329,0.00676838555055564,0.0334265807861211,0.0924182078825465
37,5,3.54747666315918,0.00676943625111646,0.0430484133633304,0.123816904533687
37,6,3.50721350830576,0.00674334719672966,0.0409432077319015,0.116918239960227
37,7,3.50205880293591,0.00674759108226106,0.04353439600823,0.122343826019817
37,9,6.23778652342793,0.0841444649787333,0.009420996933156,0.0179891685006508
38,2,3.12206988952371,0.106226159206037,0.0157849796222111,0.0256983852531886
38,3,0.00675900128851806,0.0935917489684046,0.0175690978673821,0.0512982770454921
38,4,0.00684757743739598,0.0954884978470743,0.0174942880080069,0.0565267275614596
38,5,0.00677613060815772,0.0912936105039622,0.0183685390574364,0.0552444660038902
38,1,0.00717443421461181,0.102700644576466,0.0157685607439827,0.0501194756411525
38,8,5.14276278185114,0.120824384814679,0.00767926003738154,0.00806871794117163
38,9,3.06171073707237,0.104907444397611,0.0155445378094502,0.0239961664011707
38,7,0.00783763359051835,0.0951058103070003,0.0175233195346806,0.0554090956866038
38,6,0.00688126103163826,0.0942633597772862,0.0183328805774739,0.0578702770675288
39,1,9.187048663722,0.0076283056917319,0.00679217641605502,0.00735039236275982
39,2,8.89828918453519,0.00729272423109976,0.00680269194756728,0.00763651309444815
39,4,8.40852759157174,0.00956109766031973,0.00675268746090488,0.00680086389094459
39,5,8.9845058430171,0.00734916777909261,0.00679428611283094,0.0077292131653581
39,3,8.99844089023913,0.00796279713755403,0.00702792608313652,0.00723434299874609
39,6,8.97612155433832,0.00691527088168713,0.00677708500063136,0.00815201836067514
39,7,8.93196206046061,0.00769811804168682,0.00683474471261895,0.00674705626935975
39,8,7.45853374598914,0.090613051087106,0.0068083370828535,0.00712081968187976
39,9,8.59812502296059,0.00724721511688971,0.00677803109598355,0.00681259030255737
40,2,4.00643206126273,0.177639350128327,0.0254660336287833,0.05404844649785
40,3,3.16647733196681,0.159744991207013,0.0299884395548218,0.0648927058024905
40,4,4.02375997016353,0.188376719569864,0.0247459914265106,0.0555447289383312
40,5,4.05270346377919,0.171243902117476,0.0269998660049187,0.058987143273441
40,1,5.28149660904221,0.190675840274967,0.016024774339708,0.0344367077576003
40,8,4.03372876611115,0.181436469608438,0.0248444246100898,0.0538376358201198
40,6,3.93871455185235,0.175698344966622,0.026394225599112,0.059063296122392
40,7,0.0107329870296654,0.147155793939863,0.045233440864787,0.159927084096051
40,9,7.3843512575471,0.198529007431216,0.00695441436390922,0.0133541157552881
41,1,5.81314321883026,0.210616437542692,0.00745826728082517,0.0088966049789705
41,2,6.48533329033609,0.212183161494142,0.00712765947352012,0.00858711864930019
41,3,5.60534575695254,0.212027635367813,0.00707897578244171,0.00752636057763616
41,4,6.9881353193994,0.202603020347948,0.00752355502354731,0.0101390095826441
41,8,7.03834644512594,0.203773755131457,0.00678197591571892,0.00696825559117668
41,6,6.73334592439496,0.178044237663963,0.00784574274138617,0.00745953714955227
41,7,5.90489893030537,0.244417863163016,0.00679310026789902,0.00888044998938589
41,9,6.3958790252671,0.211312903508308,0.00677456160651031,0.00701234527891522
41,5,6.25855906727111,0.221075897139417,0.00694013164404333,0.00894118723099033
42,1,12.0223753939341,0.00683908996247657,0.008067135953243,0.0177058879591035
42,2,7.87491368795938,0.00678930491245777,0.0150418772137986,0.0318504062924786
42,3,12.2991464147085,0.00674805462079588,0.00774629471148758,0.0165074781484761
42,4,10.7444269294636,0.00739478542284279,0.0094403522919426,0.0199631021895778
42,5,10.6805583975359,0.00679042576901303,0.00974097771605203,0.0210768898488753
42,6,9.95357736745571,0.00676045836456989,0.0111632903069377,0.0227641642218133
42,7,7.68969866001193,0.00677920129988556,0.0085189678180736,0.00674344527049329
42,8,13.3090607602299,0.00692336538670101,0.006841140173123,0.0146231126135952
42,9,5.47157994145597,0.00678754080222807,0.0249191903980781,0.0397629773923108
43,1,9.06370972364318,0.089998096061374,0.00717007630805075,0.0131662366618835
43,2,7.21488552268926,0.0162781290700542,0.0140487133578528,0.0221021215464902
43,9,6.05282141820871,0.0407617760962352,0.0177211900482965,0.0386831483770821
43,8,5.38296616174694,0.0192731355072663,0.0241062711216072,0.0488624817971552
43,3,5.87611942555755,0.0366369386237313,0.0190649808321526,0.0433916138964526
43,4,5.92648691191953,0.0417818423081239,0.0183918493733908,0.0403429199304294
43,5,5.22869062200161,0.0262637580961016,0.0225346095197941,0.0483659322043969
43,6,5.10787848471769,0.0157899373274729,0.0266095457481101,0.0567316126818197
43,7,5.82131424523059,0.0274822955906638,0.0208216338986896,0.0427225804294227
44,1,3.76808661469487,0.0574869863342724,0.0248509392075566,0.0331164089136754
44,9,3.81676149725524,0.070307641251899,0.0224679940856296,0.030894462722369
44,8,3.890493604568,0.0720192040276431,0.0236417146776675,0.0312387685200378
44,2,3.65939273711871,0.0533664172113884,0.0266903193227673,0.0397579763715766
44,3,3.87265031957616,0.0617626054020947,0.0238870835356987,0.0312754124585427
44,4,6.8176611647594,0.0864242573779934,0.00789844549884559,0.00679445536534898
44,5,3.67272241861995,0.0757573650202401,0.0214868257773619,0.0291828976820176
44,6,3.89671342618191,0.0940767658552762,0.0200455276829965,0.0224423677486396
44,7,4.52836502872933,0.0835499637551303,0.0167639951631763,0.0205153067706369
45,9,5.04340037224724,0.00678616229529093,0.039346957335196,0.118092720132246
45,1,5.9630987757538,0.127053945570426,0.00819078972750685,0.00674870486199633
45,8,5.03133820420941,0.00675590944065558,0.0373399513430131,0.110244195190213
45,2,4.92854600940469,0.00676334323146236,0.0379291840974546,0.113425585099107
45,3,5.12722335179379,0.00675171623177638,0.0388713851191776,0.117279105072326
45,4,4.60069191813738,0.00684804107032089,0.0419313697697504,0.128572277036329
45,5,4.52742528432797,0.00679427656029976,0.0437371931979373,0.131272983835373
45,6,4.93210576942096,0.00675677743899976,0.0396275179497841,0.121667448087636
45,7,4.57510952048135,0.0069022527640163,0.0411438541848277,0.119013456584284
47,1,3.91411526443125,0.0966060311247691,0.0246532322729498,0.0403600112341235
47,9,4.11577140206863,0.0946096101449648,0.0248945996502121,0.0446582711292853
47,8,5.51348921313747,0.188676448427333,0.00906243167754934,0.0181857483482263
47,5,3.8212931734022,0.0919558130404836,0.0261780001110171,0.046295506686052
47,2,5.59076427523757,0.12994073866455,0.00677065222061527,0.00848140905070551
47,3,3.88001306052481,0.100560404814039,0.0244032936689434,0.0427266143272069
47,4,6.09849600822592,0.130394305817283,0.010307870228156,0.0187532363118835
47,6,3.96045370260409,0.0987458907808957,0.0248781676258842,0.0451204515633157
47,7,4.04201246064885,0.114502195801446,0.0179899595508523,0.0318834188164126
48,1,0.20677529230533,21.4020186969996,0.119439875961584,2.09656803196989
48,4,0.200874083365375,17.0299368164142,0.28032380181737,1.3740389283909
48,5,0.0496788171505005,56.2551997206529,0.024578932747734,21.125702247785
48,6,0.120335500120326,30.2764232184824,0.593095967508291,5.07867346241345
48,3,0.213052080702423,16.7452984051935,0.0455919273360049,0.200860304121235
48,9,0.0140925814992473,36.5983209923324,1.60073431539132,4.37132932415417
48,8,20.6290301652248,29.3362623024159,0.00715937170601999,0.0173856840135366
48,2,0.976696814899158,64.348201287963,0.0574618171406701,0.0273989188933783
48,7,9.7589430783128,34.4135950335632,0.017752142731167,0.546866760249522
49,1,3.9879916742943,0.210758728706904,0.0159741565802661,0.00679312027166902
49,4,4.66173382722018,0.208229205474922,0.0183801861686073,0.0193628364440695
49,5,5.40195295183708,0.231846822612859,0.014054767479984,0.0201197473116523
49,3,4.51933573583311,0.206154067565397,0.019826147322704,0.025998927002089
49,9,4.59280677523631,0.205331389439097,0.019292959249729,0.0263121136862171
49,8,4.75634482867966,0.208816145896613,0.0180903348396294,0.0220237697622139
49,2,4.37350049142013,0.199096995195549,0.0205156924123568,0.0244013294036752
49,7,5.44285522983308,0.216513025612352,0.0152365681136066,0.0161681190928293
49,6,5.42621444912646,0.241983459921865,0.0147174685232591,0.0236654551172186
50,1,0.00699646701536062,0.288899036955775,0.13154293075608,0.55937248594862
50,2,0.00839773202702004,0.297137711485094,0.134681496351826,0.570799570292088
50,3,0.00804475828799499,0.279729110093972,0.128169870206386,0.537189619801625
50,4,0.00766291436672924,0.305299894214106,0.138880208530701,0.577152210431292
50,6,0.00681376025309688,0.311835058846887,0.140108422065344,0.604733301279361
50,7,0.00874326558202891,0.296241433237427,0.139939709023584,0.582672416115708
50,8,0.00728746240489428,0.307803187144695,0.139483384108059,0.593699930937568
50,5,0.00686077205878945,0.288081396114752,0.132348692148312,0.551042795675809
50,9,0.397144195474266,1.34046823275487,0.180294936670496,2.09646961961669
51,1,5.60942880229276,0.21204583605711,0.00680822445697443,0.00837759540743563
51,2,5.54432771427444,0.200844630524698,0.00761833261817725,0.00750325446414799
51,3,5.50492610190825,0.209371198204116,0.00708885423768209,0.00704004102289292
51,4,4.51100244321886,0.19644143289503,0.0114971709071005,0.0134607604361309
51,5,5.37475072817983,0.206494571238104,0.00754493964075827,0.00710240212122446
51,6,5.49401629425653,0.211801219584419,0.00698175262297788,0.00715942789566128
51,7,6.25376570531626,0.198741773661525,0.00694445943674375,0.00680599758281198
51,8,5.93799654392094,0.206049618611733,0.00716098070094239,0.00777748691161841
51,9,5.89041552765978,0.212627123371389,0.00678128155498601,0.00756670002404647
52,1,9.55766374012797,0.0573352525082667,0.00686096960096551,0.00689629232249143
52,2,9.48596062290869,0.0600644607931437,0.00679211759918729,0.00676227052346745
52,3,9.57797724389779,0.0593887561724097,0.00682689149361781,0.00717901790774286
52,4,3.59334305136705,0.216603170682032,0.0164926727260919,0.0157781290800924
52,5,9.45401126794793,0.0507915312699272,0.0069593224835714,0.00775468349485546
52,6,9.32546078890037,0.0523781459319294,0.00702554319548751,0.0068047733932932
52,7,9.20969163282867,0.0475571111619448,0.00724350528324731,0.00682205082456963
52,8,9.38081424123685,0.0582505952873743,0.00707732196664661,0.00675910892617716
52,9,7.61222445933945,0.0744285908564736,0.00719421062973476,0.00679171961361359
53,1,4.2608422535989,0.0067420740953327,0.0260869441208693,0.0687403121684784
53,2,2.93238931142425,0.00674111660915932,0.0367918255855551,0.0955237346441365
53,3,3.60747314324531,0.00676767856210498,0.0349597967464025,0.092443628522288
53,4,3.44421299245375,0.00688363596350595,0.0357724568007388,0.0964173491616253
53,5,3.67911499835338,0.00683050965729304,0.0329956033797957,0.0833451386118308
53,6,3.65694623397108,0.00678107793018571,0.0334682489152681,0.0848566667692815
53,7,3.49243201346189,0.077132897435369,0.023293565346745,0.0526771686423595
53,8,3.67726530828491,0.0067431013002435,0.0331357511669817,0.0845690875360299
53,9,7.50468359763697,0.00707489180435383,0.0102489121477251,0.0190185421586837
54,1,7.55779249991497,0.16239920503253,0.00814135975736551,0.00729481942089003
54,8,7.11053330354019,0.182696782757645,0.00735276096933697,0.00902645922324218
54,9,7.41729103658845,0.187525489430145,0.00686767640159536,0.0108726538733762
54,5,6.10629846339033,0.184999354120425,0.00761397702193903,0.00873280146652369
54,2,6.53662393114062,0.189146877036885,0.00752897273711083,0.00914362947742911
54,3,7.10272213116979,0.174318118464092,0.00741804985553195,0.00909812900636092
54,4,6.57235305499342,0.196442245046803,0.00760893170536989,0.0077906176203476
54,6,7.41717913154737,0.175954547783887,0.00676021386917194,0.00760081678023846
54,7,7.74524232546572,0.188100761089214,0.00674204124758862,0.00880820158733999
55,9,8.46189590912695,0.12342418265589,0.00733006129944246,0.00674330682914543
55,1,7.36217861033227,0.100496611996939,0.0105368238744158,0.0067570778363217
55,8,7.76506797080826,0.106809750517141,0.00962876744574319,0.00675353111445075
55,5,7.0830408563248,0.110337643579642,0.0112962087693857,0.00687065383748509
55,2,7.8728038011593,0.13013533919585,0.00918512586457388,0.00740100085818306
55,3,7.81823436422377,0.0917980072984853,0.0100935344692051,0.00681817291893824
55,4,7.70872710434749,0.0917662184334054,0.0103379723566003,0.00679096249414713
55,6,6.6877550732703,0.0874854852871273,0.0122283912911343,0.00675008575646783
55,7,7.40842033158419,0.0823574259021351,0.0114460290326438,0.00684624685995093
56,9,8.04243471653732,0.0538749323864189,0.0069072918166679,0.00690366598517567
56,8,7.59963085898734,0.0605046072572227,0.0070083667059214,0.00697165370354964
56,5,7.97999139759763,0.0611499820709784,0.00684898837346793,0.00693019785661369
56,1,7.79563644585438,0.0652022734667315,0.00727893162409794,0.00676052673205872
56,2,7.93945271631563,0.059021401690882,0.00678937236417812,0.00682349062261612
56,3,8.10645886990319,0.0538326587455586,0.00686504605821143,0.0068371051295785
56,4,7.45251383969029,0.0816546219073323,0.00709078752415161,0.00711146150424125
56,6,7.04345440175245,0.0682963698015152,0.00687855360857707,0.00674895788976935
56,7,7.72281911053448,0.0583357470757419,0.00699912090131922,0.00714624130134197
57,1,2.38365605463757,0.00712219630775628,0.131817375769895,0.550687778516082
57,2,3.14056680830092,0.00675830683177926,0.125536675790657,0.510980113760336
57,4,3.41103090020929,0.0069721981139231,0.113778042885014,0.465030789176196
57,5,2.63129280347616,0.00681775056549597,0.124374345123239,0.519510051603964
57,6,3.65536900605725,0.00674632522220018,0.107533235129157,0.438069527193302
57,8,4.088650227636,0.00674264722661774,0.0855421964159386,0.32111387918372
57,9,2.97650075144398,0.00676872634297321,0.115223499534581,0.47821358458091
57,3,3.21023472036283,0.006862602330186,0.118218349064562,0.494889015055971
57,7,7.67092045744923,0.00674697686197756,0.0189786069850436,0.0588449892425606
58,1,5.99162486448164,0.150710260755965,0.0068470659171215,0.00676811905988545
58,3,6.11551622415578,0.145803846283953,0.00691679874502681,0.00704155638182133
58,4,6.09617713847912,0.156840081537522,0.00702748761356857,0.00676152334970811
58,5,6.3610241235427,0.162631047445967,0.00675385853281225,0.00752550069455053
58,8,6.04988740684563,0.154921522006863,0.00674280230567843,0.00702856361209648
58,9,6.23954019713639,0.157361437889701,0.00688182647933354,0.00749599431762332
58,2,6.06977954042942,0.156829020884498,0.00676874462050909,0.00722253056346682
58,6,6.28684714582477,0.155905740155422,0.00676601008313031,0.0075628505851603
58,7,5.97529482720248,0.151288337251919,0.00701674808524885,0.0073083130886933
59,3,2.03658295552425,5.68879859371442,0.453278496650173,4.42553481098237
59,4,0.727762383071524,13.7019653014,1.21014395139381,21.9056145865421
59,5,0.844623691832413,54.5528441140764,3.26058289020002,80.9122546637136
59,8,2.33741897738321,16.9203658583306,1.26839414396793,10.8572973557054
59,9,1.20684332764101,33.6702945233998,1.6737143201521,40.2423566188944
59,1,1.19657495710667,90.0143346280509,0.725354976410522,106.538701425556
59,2,2.06364762704884,51.6911227920037,4.39127395475971,39.1523626606914
59,6,5.43056335382257,11.7300189019679,0.0487841177811903,1.9727546695887
59,7,1.23611461130175,24.3633816581759,0.546126745157739,28.2652393222017
60,1,6.37202379847997,0.268951687269556,0.00678127665180427,0.00674432827664851
60,2,5.94956484795552,0.257746338645482,0.00786908883104248,0.00725914114135258
60,3,6.01732927787054,0.251340971887918,0.00823827247558354,0.00744652856452015
60,4,5.8079091759071,0.255413346055515,0.00803969298207006,0.00677999427691258
60,5,6.52412080318909,0.261195698935827,0.0069169065610758,0.00720830910483955
60,8,6.37956000830153,0.242593163195046,0.00749876512527404,0.00701810456305887
60,9,5.90109358520218,0.259301491427379,0.00794606306740442,0.00735127251193056
60,6,6.32663454695871,0.246343335076929,0.00790664191127628,0.00683306711423655
60,7,5.44749701054132,0.229064209684132,0.010515148890863,0.00692170611134187
61,1,6.05324119553222,0.13621600338549,0.00696605455298734,0.00942219040473188
61,2,5.58426045842406,0.140881902114454,0.00675795863025751,0.00773300373915462
61,3,5.7825069968923,0.141503897591636,0.0068326665516616,0.00694391148499449
61,4,5.51001120587073,0.139534009666586,0.00687487106290509,0.00776080377161916
61,5,5.41988341345349,0.138637742503512,0.00686598871500948,0.00697899463182478
61,6,5.39940793828055,0.136133654865149,0.0068216888165493,0.00679930322228215
61,7,5.50849976077789,0.137399329618876,0.00677831008986159,0.00723582971327037
61,8,6.2678357403473,0.131264922939078,0.00701974994893897,0.00875039836232262
61,9,0.00759224085723019,0.147422888903466,0.00678591929531662,0.0421354359406956
62,1,9.46211432974966,0.217923998236501,0.00831911972754167,0.022242923710146
62,2,8.9742849743245,0.199821582063995,0.0111275234188866,0.030457127821255
62,3,9.99178533309163,0.222611665732742,0.00732521919381833,0.0172066315722568
62,4,10.9188540256957,0.227586865788549,0.00704053735088841,0.0184944283694259
62,5,10.2437176740889,0.24373873852513,0.00677962562579834,0.0166155364224498
62,6,10.3094587420662,0.221987499845188,0.00832952497744357,0.0220608178726412
62,7,9.21816310609681,0.191342943220206,0.0101858072124311,0.0227111571228955
62,8,10.878502207702,0.221371906084785,0.00710824686521018,0.0178812122703517
62,9,10.5561333043433,0.210611327104498,0.00696303019264282,0.0176938005784366
63,5,10.7297915703562,0.187905678071974,0.00681243465419011,0.0153901539457285
63,1,11.1785142081351,0.185198433431996,0.00716949519567561,0.0198190296400156
63,2,10.6461693034429,0.208770160022619,0.00742639935771139,0.0224458019387182
63,3,10.9461843407336,0.193541387573508,0.00687611807187641,0.0184993294282708
63,4,10.2667682400892,0.169438906369609,0.00674867069757229,0.0138856558176135
63,9,0.00680584346293784,0.230998108689636,0.0917901979349649,0.616248612669936
63,6,11.8952715901153,0.203636836490652,0.00694809470174824,0.0176408649431807
63,7,11.2208269581805,0.188949486851031,0.00683768269095407,0.0184557052967443
63,8,9.13497968111771,0.19944815400396,0.0100109953808033,0.0284349066734024
64,1,2.80393719305286,0.114420205783096,0.037350404686383,0.0628306089056694
64,2,3.63624184461457,0.00691507529567322,0.0661329920402561,0.177824734790094
64,3,4.38900833115005,0.00675414226498722,0.0422809098351578,0.102932311549839
64,4,3.30144721861815,0.00680718066194052,0.0681543398546268,0.183270125781858
64,5,3.19507446251045,0.00692232329058243,0.0684190388820882,0.180382353694679
64,6,2.90613064181003,0.00683884626372428,0.0713524351365901,0.181991528979131
64,7,3.19972314145925,0.00684403441824592,0.0684444552819697,0.181754277381898
64,8,3.30132839833568,0.00675148696497255,0.0681441446807456,0.176653650055443
64,9,3.00740148397289,0.00675816468223844,0.0714918544859547,0.188528830066377
65,5,2.74113996546683,0.0278589127844937,0.0646246753202089,0.141473506889624
65,1,3.34321821475176,0.029276444861551,0.0484022786605476,0.0903229408634275
65,2,2.79094858180537,0.0701250794500072,0.0550180011728906,0.124279256204393
65,3,2.4629134400458,0.0298346322948519,0.0649978861747775,0.141225701008462
65,4,2.30127898368661,0.0495086378420393,0.0629446015857081,0.134332824623638
65,9,2.83732520875496,0.0200418978094956,0.0655899701105127,0.141968145199219
65,6,2.69396616907039,0.0445615837186488,0.0624277498330932,0.134734070974583
65,7,2.91172390604236,0.0442721193823021,0.0472948720344598,0.0951962982937529
65,8,2.62853531524665,0.0393464653636719,0.0622731147049384,0.141448641294347
66,3,5.64586389264616,0.00678090178428069,0.0266565474278596,0.0601304806090022
66,4,5.41055051285819,0.00674007301257331,0.0254987753839551,0.0614854940748791
66,5,6.43226134379205,0.00680230269161886,0.0206708812569521,0.0452900432108201
66,1,9.99797984871469,0.00701976661817928,0.00773260273928988,0.0173093386215693
66,2,7.42857653970379,0.00675075382797401,0.0183697931204914,0.042503843442735
66,9,5.34631591866209,0.006819663415958,0.0296850695164416,0.0715877308391648
66,6,6.27615528380207,0.00677734615600977,0.0225701105455864,0.0569564686854369
66,8,6.75057157317383,0.00695373455199601,0.0200117524267947,0.0495122632942353
66,7,6.52639751493071,0.00678009069650812,0.0209830483839755,0.0530557048032411
68,1,8.15874429882402,0.134441254587058,0.00706665563441466,0.0122037897228615
68,2,9.45154341721934,0.126554146872838,0.00692547091032058,0.0129402041249278
68,3,9.12932589492266,0.127317538138656,0.00723046298029153,0.0152513049032918
68,5,8.00740252954098,0.131457038675551,0.00679807918936191,0.0105592151841627
68,6,8.68444715422839,0.131407237450176,0.00690270234708677,0.0137115461000732
68,8,9.43464264424456,0.122686566550714,0.00678374049025312,0.0138277197077757
68,9,8.48684326601871,0.126023844725225,0.00684477251367712,0.0135477708246087
68,4,9.36126160632746,0.124709467912348,0.00680360546390807,0.0128341725382836
68,7,9.11863499292274,0.123002838829512,0.00710076035490337,0.0140594150849661
71,1,8.79202553728125,0.195402586084946,0.0069241760006906,0.00906405768891527
71,4,4.96867382060561,0.221956247947823,0.0188826488967691,0.0384327109469271
71,5,6.88574397592161,0.288788756991487,0.0068103726962704,0.0137216533272854
71,6,5.30297118296563,0.226173993895179,0.0158252376340804,0.0287292894528814
71,8,5.16983008104159,0.220974286585383,0.0166462919626721,0.0331082645155191
71,9,5.39950109167677,0.229552932307776,0.0152317287831305,0.027556524773702
71,2,4.44806068880283,0.207013125178682,0.0195122164574519,0.0353119882761372
71,3,5.33250754460675,0.223900355411343,0.0161510613893588,0.0302761438653139
71,7,5.10453181142873,0.228003164621514,0.0163956339038965,0.0316163490106719
72,1,0.0574311006403802,0.218050300883478,0.0095240042762122,0.142451161490376
72,2,0.0153603071275024,0.216357564762574,0.00734635929466076,0.130160171508204
72,3,0.0212031039016186,0.21833463458482,0.00836259787209255,0.14098530150997
72,4,5.38681100684664,0.271464524793696,0.00720294958813042,0.0160258570136465
72,5,0.0126828611193018,0.216016324538852,0.00767024982361143,0.134378196260161
72,8,0.0125341650935264,0.218743505247258,0.00674682585121413,0.132422292061003
72,9,0.00888536395409855,0.216929665012142,0.00676583218104113,0.127623015447037
72,6,0.00893953589680736,0.204541580603811,0.00675058826627766,0.102539922579267
72,7,0.0120139338123385,0.216435545763137,0.00687394972406587,0.128239341819736
73,8,6.88595071754768,0.106208694925981,0.00843398059837951,0.00751778761688999
73,9,6.96011316894326,0.11297779594898,0.00788356730368692,0.00773445734973837
73,1,7.03840748761866,0.11738945929137,0.00787298947953693,0.00678454169920523
73,2,7.09410140601355,0.115020907784212,0.00777572319663812,0.00851101578274376
73,3,7.51930701582485,0.126959731439121,0.00701577598575862,0.00790975774426272
73,4,6.80422248997027,0.111557508054077,0.00809469812435716,0.00796207879195894
73,5,6.74247944893742,0.11607571996473,0.00811905898521118,0.00951501557637003
73,6,6.33426436104615,0.121646090853758,0.00762878507589234,0.00796738803034332
73,7,7.52796438041289,0.12303991710932,0.00674147396627591,0.00875767098736347
74,1,0.213826656554791,3.74920940660654,0.0661177206971975,0.134842437736765
74,2,0.0132128949201449,2.80068287536541,0.0842579566460224,0.00736554622784774
74,3,0.0125156213464312,40.0825260906463,1.00228984820501,0.245901476122775
74,4,0.372852291179263,16.1514564592674,0.097720483719523,1.25041642432074
74,5,0.0136987570669433,9.31231592643036,0.0162574068646123,0.0162695118036569
74,6,0.495993380923387,10.1095448332645,0.219112863631309,0.0589177983576661
74,7,0.149929633608296,80.1751021284589,2.7546534900871,0.573871882598733
74,8,0.0410552439956723,115.538715713841,0.218250160258916,36.3154878966738
74,9,5.00975027794744,31.2868291125304,0.0735759681931485,0.359535076001306
75,5,6.68517768155773,0.0934505204247516,0.0130907277724462,0.0248716696512313
75,1,8.54216748305834,0.134099468430547,0.00721661546695658,0.0107908495932958
75,2,8.1435753519453,0.0967961302786191,0.009863883219493,0.0181168001917202
75,3,8.53092239448016,0.0949926379988075,0.00963254529096974,0.0184705843383081
75,4,7.182504684732,0.09037457507306,0.0136968914995782,0.0268326380496327
75,6,6.46828351835285,0.091533442547136,0.0144989124236137,0.0298409840128948
75,7,7.04936109347661,0.0853276209493727,0.0131487247678023,0.0249748518827448
75,8,8.01971307228994,0.0968832920742759,0.0105753075246498,0.0217671684076979
75,9,7.15623778312616,0.0944718495772143,0.0121528328587861,0.0243887771197951
76,1,4.49704193049111,10.5357763814302,0.617193384989998,2.6975038339181
76,2,7.60052401950628,66.519699525507,1.58315282271455,6.36712378219748
76,3,2.50559726448199,21.9396968691043,3.56010613382015,13.7975253755726
76,4,1.1195533573115,66.3267130363824,21.3216962632214,92.176544230154
76,5,10.101943563568,75.8505039441589,1.06542669369741,4.64619660430915
76,6,5.4558171861681,8.25118447965199,0.345815692335004,1.49056164927805
76,7,0.598099352411955,41.5325206496467,5.07282102545479,70.8906228636947
76,8,3.22929420380355,90.3258843925167,9.58281928081003,36.0252068459108
76,9,1.50486791901679,11.6856381570259,2.88811864604091,11.9682463703804
77,1,10.4991935340655,0.00708975975650517,0.00677511119837671,0.0167488252410217
77,2,10.8763393787305,0.00683467977224571,0.0067466761288013,0.016991162646842
77,9,10.911400890761,0.00674501754214357,0.00675171616494686,0.0164556685245889
77,4,10.503406363161,0.00699245534413915,0.00677439482534707,0.0163353184968735
77,5,10.4764655368335,0.00678985505491381,0.00700712934944871,0.0176350897976892
77,3,10.1752966774479,0.00707816616899516,0.0067629584246036,0.0160979379543517
77,8,10.0387185360946,0.00679625090253582,0.00677536305860926,0.0167541623529492
77,6,9.80728073039487,0.00674992439507721,0.00678790167285581,0.0164095473005515
77,7,8.71570269165793,0.0544469124975021,0.00689446399261948,0.00796005525991965
78,4,0.00815036762737158,0.149734210091587,0.0108812621086874,0.0468912199208789
78,5,0.0086413829900226,0.148766590969496,0.0134562394447397,0.0610862517003876
78,3,0.00731696575529725,0.180624753954012,0.00682573481781226,0.0631360941951399
78,9,0.00684630691468107,0.149332037360821,0.0117720517144898,0.051480632505987
78,1,5.93002290607685,0.205820974460325,0.0068388036206432,0.00799855890343401
78,2,0.00688115117244415,0.149734337544933,0.0110994084280367,0.0496762627203496
78,6,5.65237575927194,0.204184678177414,0.0072751760806347,0.00951878882873822
78,8,0.00701088743415348,0.139530032989624,0.00795306185426089,0.0147565965713126
78,7,4.94712815938626,0.159439882005005,0.0103420414435154,0.00926513954607564
79,3,10.5708117001225,0.128496113628688,0.00684256814203112,0.0132146435337261
79,4,14.0081496099381,0.00683277977791419,0.00680411091494513,0.0110143466549834
79,9,14.4953374865306,0.0084874973295721,0.0068065772013486,0.00992619329561405
79,1,12.5413091705689,0.0143451540483413,0.00679304891346633,0.0076842137380394
79,2,12.1985920152816,0.078411668125882,0.00688347288246947,0.0127465318436263
79,5,13.8783950341212,0.0404208094439115,0.00674249689974746,0.00978402540654888
79,6,14.3723847731045,0.0069916794802573,0.00674050863709134,0.00992591754158243
79,7,13.9033891381027,0.0432283620830919,0.00677222104133958,0.00986822785961985
79,8,14.174973407042,0.0252148761851497,0.00678896552432089,0.0112866960924885
80,1,5.10977451758214,0.0338552897319062,0.0201476942638052,0.0273006372026893
80,2,11.026944771047,0.0070637645400153,0.00774854584515328,0.0204475884300267
80,3,3.91352311795059,0.00679199204709871,0.0364504843279376,0.109936362094351
80,4,5.18607890294876,0.0067586339232365,0.0302127455241022,0.0835121738364766
80,5,5.05938990707418,0.0068401595461298,0.0306748919619355,0.0840607713332905
80,8,5.24876376312533,0.00675098467716369,0.0297607046269857,0.0804207098429585
80,9,5.14053221576253,0.00675434707720925,0.030525802428494,0.0832574851128522
80,6,4.91772398948399,0.0067485471296975,0.0350131448032643,0.0982359759337802
80,7,5.31622360770615,0.00674680757447438,0.0294597474475327,0.0815405219003235
81,1,7.84587522471058,0.00883777369063866,0.006748252176907,0.00697597450099036
81,2,7.86158187866344,0.00698972051132855,0.00693562798975051,0.00674666115140247
81,3,6.11447728513718,0.0414907695073976,0.00675455162155056,0.00673962827130099
81,4,8.07141003459589,0.00724882508522516,0.00674350605740066,0.00676021142038879
81,9,8.00754367619,0.00704382350090289,0.00681957537413895,0.00674404480593655
81,5,8.04662866743416,0.00704756787351849,0.00674269926441497,0.00674844232998276
81,6,7.37450026579827,0.0267617913308073,0.00757114775819053,0.00676259201208926
81,7,8.08094404749176,0.00686651147020897,0.00698976165409913,0.00673993668515257
81,8,8.13596746266051,0.00685398352080493,0.00674738696042615,0.00674592264509783
82,1,7.2637137306913,0.147068869223114,0.00686947859765826,0.00728599862111349
82,2,6.37475474311973,0.20613801514384,0.00681120041544438,0.00741199718192777
82,3,7.6159118261838,0.141179034908697,0.00682901456430151,0.00682802149806337
82,4,7.47734835959457,0.140461943468856,0.00684777933997864,0.00691306495304266
82,5,6.70495703637413,0.14109854950741,0.00754538276306644,0.00732041000534685
82,6,7.31984577666162,0.145854909181452,0.00676311580650024,0.00705390405644879
82,7,6.68193031021522,0.139151674234319,0.00797939357106347,0.00692729320025073
82,8,6.97900220502573,0.138665476948038,0.00744288646028165,0.00724003289252321
82,9,6.8353793611197,0.149925986900409,0.0067730271596645,0.00688782654342475
83,1,4.07361420883811,0.130470413964355,0.0243980365944711,0.00701449795307524
83,2,3.56820788814858,0.162006083988572,0.0280696533053031,0.0308687132513097
83,3,3.05260617913036,0.152014799392081,0.0312709670072907,0.0448133041494353
83,4,3.08630107609613,0.130124735683412,0.0304620898611095,0.0102346408338381
83,5,3.86402817328579,0.230026662242137,0.0135364285592886,0.0072019849438278
83,6,2.90980091601481,0.116441594641877,0.0355628232741466,0.0209836660440748
83,7,3.33491753175586,0.14874170537922,0.0286177925636828,0.0179338941780437
83,8,3.29145544273114,0.145238707623993,0.0294360269833079,0.01671434601032
83,9,3.26048191560421,0.143545791637595,0.0301888734715903,0.0172196154805997
84,1,8.8730090221709,0.10547246092262,0.00688311343101932,0.0170557125335804
84,2,10.0618053057539,0.0864576417180672,0.00726706979132812,0.0178968751418916
84,3,9.57198978105911,0.132259017054243,0.00700017181392999,0.0174111885455257
84,4,10.8987599316652,0.0933099834645322,0.0067832037623385,0.0161102446624834
84,5,10.0268038170657,0.112689397560271,0.00688608058524405,0.0162413410339367
84,6,10.8481670760218,0.0967001430567526,0.0069254051864896,0.016969856494802
84,7,10.6482594580032,0.0977384012347249,0.00681057467841844,0.0165076948849684
84,8,10.7394894788188,0.0951730272863624,0.00700980647215349,0.0172299736840442
84,9,10.7044470390976,0.106436615620868,0.00680918186286374,0.0165882102350653
85,1,7.81367798137618,0.161030279728786,0.00675981560296178,0.00784083999558169
85,2,10.150002274579,0.0074198635100456,0.00678375256745492,0.00735860503661993
85,3,10.6680512667158,0.00696065926925713,0.00684729324870073,0.00843266958046293
85,4,10.5677110877002,0.00692943502923528,0.00674335180736296,0.00749813325536617
85,5,10.6800381214849,0.00708243310691823,0.00691598738967957,0.00863564552125046
85,6,10.7001042962346,0.00717211769640157,0.00674941713430142,0.00878312852662077
85,7,10.2076711996193,0.00675073620835436,0.00674172523112512,0.00729816645099044
85,8,10.7519203870875,0.00729062333397371,0.00676452935405924,0.00814308776873847
85,9,10.0016289709526,0.00699628615283858,0.00691541326802935,0.00690743455980652
86,1,2.38703577169023,0.00682211194650784,0.0564101824954961,0.0982296502056441
86,2,2.3372349487889,0.0290362464835407,0.0538402516895436,0.095153935292892
86,3,2.55662466180115,0.00674011963565674,0.056317543113833,0.102391491262108
86,4,2.53292464578699,0.00683674231443264,0.0554983893829957,0.101938137173106
86,5,6.60087484288025,0.0998558559332912,0.0106153797161057,0.0138029907531921
86,6,2.52016962303493,0.00675686401656244,0.0557556355723346,0.101620024832116
86,7,2.42971765837488,0.00709198310202592,0.058502333196799,0.107796481786993
86,8,2.30013018063523,0.00685662732207424,0.0564195019082035,0.108222489622423
86,9,2.45516068287934,0.00677245268424741,0.0555299129456605,0.0999989465456659
87,1,7.25642999211015,0.00833876164936789,0.00940431884500589,0.00673928803901585
87,2,7.3841354903822,0.00726911393416567,0.00931656117496721,0.00675497652159271
87,4,7.18662135295139,0.00748787425022604,0.00895026675606434,0.00679507638778582
87,5,7.6794991832123,0.00676017787356445,0.00861820572178324,0.00681329458847119
87,6,8.13336451727726,0.00727531680790188,0.00825662035998547,0.00686157950330622
87,3,7.14530558909486,0.00743764758259329,0.00885617555010947,0.00675168508890263
87,8,7.20638147509911,0.0068186131991294,0.00939722329595186,0.00677131054653149
87,9,7.47648928738754,0.00685113439728229,0.0087780469965096,0.0067605792634785
87,7,7.35908646827764,0.00704876440836396,0.00865568099991866,0.00681295616609949
88,1,11.2330648356742,0.00678797601543403,0.00858556075965044,0.0150939461363596
88,2,10.2259591494041,0.00693919722126485,0.0101154946242321,0.0187222703992251
88,3,9.21461685198328,0.00674373589956721,0.0122957288525845,0.0221937109702937
88,4,9.55452439827955,0.00690040028756062,0.0115362139871052,0.021843543071838
88,5,9.14955713397869,0.00682237836250074,0.0132166184967928,0.023741229551061
88,8,8.89763985700123,0.00681786451974131,0.0118505467979082,0.0203599835431182
88,9,9.19640344671355,0.00684988572523127,0.0116634903187882,0.0213466965494742
88,6,10.6853831381872,0.00683243024334024,0.00933617623345476,0.0166008668517749
88,7,10.1559526513007,0.0699254504782274,0.00681409634810504,0.00711376542671422
89,2,5.43372880158494,0.0440298661277355,0.00698253489763935,0.00765103240629454
89,3,5.71741860445086,0.0260551726205438,0.00674365550737843,0.00716977514793306
89,4,5.51382752433833,0.0399549213592671,0.00680351370339977,0.00699024131431728
89,5,4.49589670777719,0.0599571970211299,0.00701270137035329,0.00753637131484527
89,8,5.45074654942718,0.0534271419459082,0.0068151374684286,0.00774677617534644
89,9,5.53132913782683,0.0504061538342945,0.00673986356942272,0.0094506226068316
89,1,5.42546996389401,0.0436034157152848,0.0068201906644032,0.00717032786969618
89,6,5.49647472022808,0.0417686258602561,0.00674125094417955,0.0074279260046532
89,7,5.25942395615156,0.0494006037911609,0.00697025967528057,0.0077260635199841
90,1,8.16771251865263,0.152977523338011,0.00677986688846463,0.00792194814424618
90,2,8.77648473624513,0.133949740594152,0.00842861387383783,0.0109446515976525
90,3,7.84613161770463,0.134303657188106,0.00883942137352478,0.0073648728060142
90,4,9.24612783395463,0.145321092504955,0.0077669262837885,0.00995080111887229
90,5,9.55956159428966,0.137296547880414,0.00710770766922377,0.00909459407413326
90,8,9.21130233871802,0.131202245332568,0.00751118963867849,0.00683070824854641
90,9,9.81592267039252,0.12906407970221,0.00706546374876607,0.00777952583821321
90,6,9.27616804001254,0.140789467930866,0.00761471520212565,0.0104956517206965
90,7,7.91179206827484,0.199516590808891,0.00855352954887569,0.0125285350032291
91,8,14.6182252061301,0.00677798172913204,0.0068272600618534,0.0125097311099809
91,9,13.8771595440462,0.00738894515335767,0.00724077585658726,0.0121480563889267
91,1,12.3262891674354,0.00690855375272785,0.00678376282896018,0.00941461873278124
91,2,13.9899076753088,0.00764304207728799,0.00685186845068206,0.0113593340347828
91,3,14.256587326141,0.00705568802212569,0.00713085415570075,0.0129373625580121
91,4,14.2839995134703,0.00763358977759416,0.00689012545576562,0.0126257241533905
91,5,14.1605622575426,0.00681892511804427,0.00692993589515893,0.011424470719739
91,6,13.6833977868031,0.00841116932161505,0.0070619412565084,0.0119088045350587
91,7,5.10461138731199,0.189734705522793,0.0194668040425937,0.0315035940961747
92,1,3.06616552617646,0.0519071178792991,0.0445128701412047,0.105921655041721
92,8,2.89621780256728,0.0456354430593137,0.0467817072785552,0.10746437797385
92,9,2.84342297864095,0.0634311974239416,0.0439665475382639,0.101643812277256
92,2,3.0816107729533,0.0521291454122664,0.0429645119956326,0.0931033080659085
92,3,2.8010592612339,0.0516867622252393,0.0450050263077035,0.105763847419409
92,4,3.02413873378758,0.0557471053961278,0.044506919272867,0.109091358356426
92,5,2.89968294530803,0.0556533433294176,0.0450373143124143,0.110980351010974
92,6,2.80380112775584,0.050943902270058,0.0457513511356005,0.108861717973403
92,7,3.14424521413005,0.0776038698306156,0.025214079953899,0.0497590624461158
93,8,3.11675578562825,0.00674807238771157,0.0321485564102368,0.044230961668008
93,9,3.06755764273047,0.00679753643917342,0.0327030848204741,0.0469302955962006
93,1,2.97051973768378,0.00674042096828504,0.0355579454887284,0.0516830677760772
93,2,3.15888589562234,0.00677094054113242,0.0312113347039133,0.0350902398529236
93,3,5.83260414726437,0.00676508391348291,0.0101477260114781,0.00685665510613464
93,4,3.06798093794254,0.00677289140142892,0.0328554054920524,0.0475113052968334
93,5,3.0535705700075,0.00676899823871977,0.0324323197675628,0.0450413352024224
93,6,2.79518366698455,0.00674056250598263,0.0393689328239872,0.060389756668775
93,7,2.97701946871476,0.00673825634567908,0.0336988176817901,0.051177774841378
94,9,0.187999727827802,54.3481394466609,0.00884541866616334,7.78032099351836
94,1,0.634055336403437,70.7433548371059,0.339534369369221,0.0813123738289066
94,2,0.00686364526681481,2.011925654894,0.0517369025149384,0.0108851970489244
94,3,0.039080989690982,103.816185291916,0.632687412580069,2.74901836999739
94,4,0.0327296104626504,8.08111734362509,0.364279712664937,2.32416552816534
94,5,0.0206687046955899,70.6494217351537,0.161024875454091,72.4275309178621
94,6,0.588517427794954,76.9272953042451,0.0244807308696628,25.0327184782842
94,7,0.980512760913502,62.803084917457,0.121183530549175,28.7563148200364
94,8,1.14536752196479,93.9955322708626,0.0418509843422456,0.0176436638431737
95,1,7.89711216814011,0.0696021546611279,0.00748780501899459,0.00869992986000701
95,9,8.33142881839177,0.0608370862723254,0.00679637463285674,0.00687483743566159
95,6,8.76100807633643,0.0534605411364381,0.00674707558203331,0.00700756132081631
95,5,7.1712014104342,0.139213882380934,0.00674305648539846,0.00712341890953904
95,2,8.46470776967515,0.065161711541136,0.00677510003690412,0.00837455809315213
95,3,7.55921678149675,0.0749640743373776,0.00676525306852776,0.00746432203240752
95,4,8.33281261515075,0.0639760342411569,0.0070394129954521,0.00904307078141288
95,7,8.35418038526291,0.0675726630422847,0.00681635436516728,0.00781048788154165
95,8,7.95070367052923,0.0636691510981291,0.00706377063601661,0.0074633175901712
97,4,8.2079467255859,0.0084961002677456,0.00683612629522962,0.00677275607244398
97,5,7.5541092744383,0.00914996852709078,0.00773861215749463,0.00679004623964548
97,3,7.98874937067066,0.00899409612884084,0.00681797692625193,0.00687652602675413
97,9,6.82656306056859,0.0795142429293066,0.00703117908772976,0.00679102210816318
97,1,7.83154146301376,0.0120188624822591,0.00694132896556757,0.00685849134220141
97,2,8.00474432228171,0.0108442419151764,0.0069330659526718,0.00684091322782944
97,6,7.93639777565743,0.00813760878129761,0.00677159726979047,0.00677101295318113
97,7,7.83261266682786,0.00898765031160199,0.00687464534027366,0.00673922487389074
97,8,7.88257494694253,0.0142598010767645,0.00687114621607494,0.0067665096084779
98,1,0.0399094736903221,0.397505189666768,0.190405288270875,0.851057633029547
98,2,0.0180280045968308,0.447819105774624,0.213242512966441,0.985749038186565
98,3,0.0106566942777839,0.390025617909818,0.187960065686718,0.859142737252744
98,4,0.0122699099762431,0.448837505572741,0.209388113977698,0.9861113552878
98,5,0.0122955878807791,0.388102145533513,0.181059290964949,0.841789918361961
98,8,0.00702120850537689,1.25410654262214,0.19399144420847,2.78544865909199
98,9,0.0110253828111761,0.418436067100826,0.1965657741521,0.91953571563599
98,6,1.05840902278549,0.517312564321898,0.129839543265701,0.334804075896175
98,7,0.00968083637995501,0.38939785333316,0.184009806721431,0.831156263136888
99,2,8.34020208162012,0.0741669613259163,0.00677693478305716,0.00693837911592072
99,3,8.01837918629567,0.0758345299062504,0.00734498162180835,0.00711291356052705
99,4,8.23912520196541,0.0725706649670104,0.00681631860445353,0.00676678839909228
99,5,6.47570040626079,0.189186613849453,0.00714479481777326,0.00720562550823312
99,8,8.01443434767612,0.0811644266866841,0.00697500590315303,0.00680610875595775
99,9,7.77270257484997,0.0757446504747025,0.00708411812494785,0.00711411392413503
99,1,8.31248333555689,0.0616751258706141,0.00713108609022947,0.00687889341364575
99,6,8.30766917767673,0.0808447406479262,0.00692074265886463,0.00726256502096559
99,7,6.76486863943419,0.0943399971167229,0.00740066899823922,0.00694256679002627
100,1,6.16719305635288,0.00674954208790867,0.032673512068556,0.0995230999473223
100,2,8.12305447353265,0.189427359959773,0.00675833916929237,0.0169475160461273
100,3,6.47173530007794,0.00675557877792153,0.0313278003925637,0.0951141976808341
100,4,14.2912937815083,0.00677333919871466,0.00688581515451357,0.0196373461847608
100,8,6.58770208521727,0.006795010282827,0.0307795770654089,0.09197314206994
100,9,5.18421529709779,0.00688103342692767,0.0403573135959516,0.125417583004418
100,6,5.8833275241786,0.00676743866176111,0.0362013919102532,0.111716588177369
100,7,6.96914884139113,0.00695112054997926,0.0290094431138108,0.085758780373635
100,5,6.94557425403239,0.00675603050947789,0.0276000578683517,0.0790960015053177
101,8,7.02722458939995,0.116101088605455,0.00738218328982806,0.00675057640848127
101,9,7.05197803751148,0.1082672746463,0.00798755858393929,0.00681480591377943
101,1,7.20013335932182,0.123878157195442,0.00700660417405194,0.00674110938127315
101,2,6.99031236198613,0.126719116959769,0.00778389905601571,0.0067462638780118
101,3,6.81158403665699,0.108959199825324,0.00841088108727744,0.00676231088615542
101,4,6.91748600732568,0.11514451557795,0.00783300735202147,0.00675278774326161
101,5,6.64249061624694,0.122476823928412,0.00849374545139605,0.00674736753562107
101,6,6.8807943611228,0.113441880007269,0.00773485228542286,0.00676367543383218
101,7,6.92701051336016,0.107487843946576,0.00811117460396563,0.00676773688448838
102,1,11.7854395488458,0.0452350779269855,0.00684589179300746,0.0163583859564628
102,8,10.7317568611266,0.0482000237035938,0.00787919731457967,0.0187484568344327
102,9,11.0178826370826,0.0560932787365191,0.0070557499716397,0.0164976637163779
102,2,9.12707956461823,0.0438419536174764,0.00959935605618505,0.0231939976850222
102,3,9.47842410004504,0.0449174015567596,0.00900345597153776,0.0215072299009457
102,4,8.26327715940527,0.0524084374235071,0.01035188478319,0.0260632317824245
102,5,9.66328168900101,0.0218150113841941,0.00769926152819937,0.0099862672606861
102,6,10.8260119799679,0.0520326873952945,0.00734227808314209,0.0167423550508837
102,7,9.27034042882039,0.0985826081445586,0.00758114226059486,0.0179968341248597
103,8,0.0106234467227632,0.193822075817683,0.027588009032363,0.14538155197241
103,9,6.18999372504973,0.279604268936143,0.00803573739677041,0.017057026073837
103,5,6.43025550979878,0.288521279777202,0.00705597994276718,0.0152739196298217
103,1,6.63714835941704,0.273528789948367,0.00680914213937254,0.0143843889332263
103,2,5.86634944424112,0.284143754190032,0.00782335861339678,0.0163863055629697
103,3,6.3401481254624,0.288687624679197,0.00763754685785678,0.0181868301927872
103,4,6.10530897976646,0.294932079145982,0.0076908353736861,0.0195479631506386
103,6,0.00867584145766168,0.178214741079747,0.0393963907002648,0.173191153771259
103,7,6.21707042691123,0.286014684995845,0.00847544028329215,0.0194841944666083
104,8,4.99674303635029,0.0889983237875273,0.0185449110123087,0.0423251331393507
104,9,6.05110133410753,0.124734165452943,0.0103037892863019,0.0222691768289278
104,1,8.83278349650669,0.0647288547012618,0.00676726531896502,0.0085625193225306
104,2,4.8044285293647,0.100588524764811,0.0152113915700761,0.0373703576286596
104,3,4.77115160130111,0.0913278551544855,0.01888111529983,0.0488250177074408
104,4,4.7343924514273,0.0893485527934456,0.0189638781229961,0.0467057364965733
104,5,4.60046137321228,0.0826783225022513,0.0206292877326868,0.0493572196360397
104,6,4.40509684930589,0.0817524393714892,0.0214214192518291,0.0494258165502474
104,7,5.07592239123491,0.0983217184247461,0.0161802878364149,0.0387515093440011
