"participant","loo","alpha","beta","tau","omega"
1,1,1.38083255192569,0.182177392801271,0.0510070016490954,0.149618864823535
1,2,1.39902416080807,0.171293671814069,0.0534632900731312,0.169029895474818
1,3,3.89699173114146,0.317250598928617,0.0609551552195337,0.211389482963608
1,4,1.3859816337295,0.183316088406939,0.0567202281206181,0.181345368485382
1,5,1.43773988006199,0.178498842529078,0.0548611859320307,0.170350989908335
1,6,0.941221960993232,0.21146219494271,0.052543064670009,0.145499610922081
1,7,1.44077591275848,0.186086129763187,0.0570312882302141,0.179822455585172
1,8,1.46672866395468,0.168093519461698,0.0580148022677302,0.1792995071026
1,9,1.66115156658032,0.234380171450342,0.059138343032016,0.207637852982387
2,1,1.86074660873755,0.187142392406917,0.0539496533554656,0.122849774921169
2,5,2.49417184141209,0.186348749659256,0.0592479612271367,0.13507411403104
2,2,2.4415026256046,0.202284498886842,0.0633377378664011,0.176582358154232
2,3,2.21888675109985,0.207214865116543,0.0583357760504017,0.14913540875132
2,4,2.2883985967442,0.170124465560391,0.0622898326650424,0.154332487923766
2,9,2.27553935159911,0.17214270927301,0.0625027751276557,0.150490057609229
2,6,2.33135334951522,0.178076216577023,0.0614186123796337,0.150461781600183
2,7,2.43697319550669,0.194470357536326,0.0593741087164746,0.150546432438247
2,8,2.26424907887577,0.160440812996417,0.0641338828253946,0.158615047339559
3,1,1.42959972005707,0.00673881815916558,0.328261436346565,1.09026243987311
3,2,1.34461626345593,0.00673856754200887,0.241219493450657,0.829632099819758
3,3,1.32765249980678,0.00673820503279303,0.228943195444058,0.756956802527703
3,4,1.14890220980863,0.00673854955088444,0.189820955591388,0.546617328644504
3,5,1.65620339799289,0.0067490082155423,0.222910042468535,0.797433201589887
3,9,1.4609320241851,0.00673857811960503,0.244045767287196,0.880600604321676
3,6,1.46738541760984,0.00673815757941214,0.248628622882238,0.851893170283384
3,7,1.21198050049525,0.00674064592923486,0.293201229994179,1.0248058532678
3,8,1.32522117174823,0.00673864855447272,0.27055759919694,0.982157584717969
4,1,1.81423369117891,0.0480126863882568,0.0830649521683967,0.177082982310982
4,3,1.99886385918784,0.0067594288918929,0.0900500597970705,0.243941770125067
4,4,1.97848567185121,0.00673807963092907,0.0883670499871613,0.227337452625767
4,5,2.03167972079693,0.0067397471308573,0.0879966672806545,0.218874975032436
4,2,2.05491402359789,0.00673892749076768,0.0867985128018316,0.208106410406227
4,6,1.98250061379059,0.0067407951810339,0.0890976462668061,0.238778904921528
4,7,2.08586264785699,0.00673828334104768,0.066176862713622,0.143884551047447
4,8,1.98950993630085,0.00673868752417307,0.0886152585593614,0.226197055289192
4,9,1.89605761337645,0.00674411123472641,0.0841971431970761,0.213699788596861
5,1,1.39949544837442,0.490970036246498,0.0708424972189755,0.382717330658436
5,2,1.40069661592697,0.516272194907769,0.0714752027019328,0.429339823772903
5,3,1.12542762793446,0.448125442610664,0.0619533831887365,0.353650344090553
5,4,1.19600215506803,0.47896754367945,0.0733999125860825,0.421068471348919
5,5,1.64769174901828,0.574919356351282,0.0748789590539812,0.469870803590468
5,9,1.26610365989923,0.460403227647476,0.0676814977705914,0.386013111381115
5,8,1.36686339665666,0.467973775820514,0.0759007201095561,0.409349251153575
5,6,1.37582463098056,0.480658815792721,0.0734334406885086,0.412798150718669
5,7,1.52456635653631,0.436397086536173,0.0752260468618186,0.393844073297531
6,9,0.0183326071539086,0.00701191868431888,0.0760457771062522,0.337734404900415
6,1,0.0185581545191643,0.0184338399155793,0.0661543990700297,0.316618613120832
6,2,0.0183245709948006,0.00675709505916085,0.0544165034817907,0.272326082049704
6,3,0.0186072835236488,0.00761039663591701,0.0688446976909599,0.316509288899741
6,4,0.0183699404146374,0.00679659678740501,0.0695592927095695,0.326841764758106
6,5,0.0183920162267343,0.00684546360717028,0.0699913975866793,0.328039860026952
6,6,3.57584914508478,0.135928788050712,0.0682408263320466,0.359066752826936
6,7,0.271266199468211,0.192471246871831,0.0502478898324052,0.314272899093928
6,8,0.0190243778235246,0.00681979974604231,0.0762421430496094,0.355074591439406
7,1,0.0883524698727056,0.33609932106842,0.0220088677990619,0.0350816993237544
7,9,0.570718548659822,0.222137482571878,0.0564241998066993,0.131761080691348
7,2,0.571458516641592,0.198292243326794,0.064050248512792,0.156852524505849
7,3,0.755747770401179,0.160916297335757,0.0652185662189202,0.145071537554218
7,4,0.677940275021003,0.165625515106016,0.0657804432482798,0.14755066467627
7,5,0.657494256123255,0.183001850270365,0.0617521726634519,0.138289119658214
7,6,0.540725755486059,0.187385916303228,0.0580841619686079,0.116275944915872
7,7,1.1382018861546,0.1824837141968,0.0654410622190339,0.13370304103234
7,8,0.576276737752698,0.207800264367834,0.0624077338953931,0.147563238438786
8,1,1.59033558255454,0.125726023687391,0.0400643661445897,0.147804090385728
8,2,1.53797022983188,0.146841502855177,0.0379767949791291,0.147764878948501
8,3,1.819006897995,0.136369730264199,0.0466367026639545,0.187027405407142
8,4,1.50636549549363,0.117442272705249,0.0442060733420222,0.16101686051733
8,5,1.52961038197072,0.111714480503621,0.044906490457922,0.166186101292865
8,6,1.21279631300756,0.141013793745671,0.0387566837410424,0.115807901885424
8,7,1.44250185980833,0.112771521668831,0.0450371713067466,0.165615984598174
8,8,1.37695913579799,0.113442241188253,0.0427876743500307,0.160829782889987
8,9,1.50201366629707,0.110424354404191,0.0443527770321733,0.160608465781464
9,9,0.323638215441804,0.322592832106659,0.0308958780724995,0.0440770577615142
9,1,0.330766947975833,0.320962323953917,0.0311450176682282,0.0468742497575832
9,2,0.308595018930141,0.307793629247676,0.0347582811424229,0.0537315857743838
9,3,0.504716276465195,0.286538149290386,0.0413376307565561,0.0651600787664721
9,4,1.32801104709824,0.199374078554412,0.0535012274293854,0.0829689461441862
9,5,0.280049351022436,0.321568945512258,0.0298110764406981,0.042548736190161
9,6,0.29022647172115,0.307550876335891,0.0324863391918915,0.0423302125898099
9,7,0.300473221459364,0.331165983871337,0.0277460212203387,0.0379771115867354
9,8,0.0209821415853236,0.415496111644197,0.00678563484122347,0.00751758206784646
10,1,0.318554623403943,0.221033210374241,0.0361578158600868,0.0774195094229015
10,9,0.226003901747988,0.214703691924134,0.0352762127113467,0.0859667173965844
10,2,0.288039173139065,0.216817513282681,0.0344527161580247,0.0766847275751548
10,3,0.237486735708368,0.226738628249894,0.0344226907637224,0.0755584714603159
10,4,0.236961029840799,0.226375158938927,0.0306008659068356,0.0765829359415705
10,5,0.248331954626635,0.224256478024443,0.0330183437647089,0.0732680493135008
10,6,0.488423152661916,0.221819254031855,0.0314545280654135,0.0676175090271234
10,7,0.253922727024903,0.215562267724017,0.034964677946141,0.0814137796505197
10,8,0.232124464422679,0.203841123526257,0.0334431993310128,0.0758494634644053
11,1,0.650150976672368,0.0537559034496895,0.0473777832015183,0.101764160625469
11,5,0.556101989986347,0.0673451170266677,0.0415755251425691,0.0806639342433894
11,4,0.708746945127218,0.0588963627655517,0.0427127032991071,0.0825856573208609
11,2,0.723799763578918,0.0368074597464057,0.0477940728838104,0.0963267112285616
11,3,0.669932591079793,0.0473760292354291,0.0467617003885767,0.0908471611818017
11,9,0.646014644498682,0.0522652401715758,0.0429445277861848,0.0855106837712236
11,6,0.727281776987609,0.0277100823090169,0.0415525233804803,0.0653453885015866
11,7,0.697010980614301,0.0382510241354454,0.0477349083690805,0.0889642299746637
11,8,0.562694817723553,0.0590897435340926,0.0428711203968365,0.0842858032249671
12,1,0.274097446655384,0.237800781289641,0.0372564687957383,0.0889216048225423
12,3,0.338442652104911,0.247444881315705,0.0346667656802051,0.0822134473851603
12,4,0.14894603045227,0.27643423358436,0.0253109254869584,0.063020691088947
12,5,0.304541835006449,0.246589922655767,0.038515095764616,0.101964508406229
12,2,0.250250123243802,0.240034574500752,0.0364643995196086,0.0904558643233389
12,9,0.246114088090359,0.222302406322624,0.0387857323845847,0.0922560896468393
12,6,0.354232853649587,0.233120340673438,0.0411192345006905,0.0957322355032044
12,7,0.261604516712486,0.239479265775802,0.0361554247412774,0.0920815195699041
12,8,0.259785184510782,0.229656348555776,0.0381896046977874,0.0950754489392332
13,2,0.636290873550431,0.391003834506966,0.0495351428770869,0.213656333095963
13,3,0.677207819663936,0.396023148286197,0.0491981354036563,0.213542030186956
13,4,0.768850934149589,0.459212947080221,0.0566572958562392,0.293602154187784
13,5,0.634431802709426,0.388867589516371,0.0516888384989294,0.217566797804037
13,9,0.602008254921322,0.384652769851945,0.047502039562944,0.213194574007099
13,1,0.676546309081702,0.417326214524162,0.04446138521005,0.204279052428332
13,6,0.676437774939243,0.392280647779519,0.0512390577782898,0.224034002650206
13,7,0.62669972163599,0.41236842411829,0.0520917407779247,0.241619276985574
13,8,0.137529051124631,0.352027362095787,0.0136785501154523,0.045873709639021
14,1,1.13847567475772,0.385543640740062,0.0290361577657583,0.125162840235762
14,2,1.10871811375479,0.393510651827636,0.0299854445483966,0.139247890625238
14,3,1.24410523011569,0.40226107565211,0.0320766200778013,0.129268929345962
14,4,1.43498387170915,0.41364417075138,0.0325987740946237,0.129640653174133
14,7,1.17635607738558,0.432343719652539,0.0320707502034668,0.156564551931694
14,8,1.21202130242807,0.398134211398437,0.0316603777244446,0.126762864135882
14,6,1.24783363823691,0.410199492000665,0.0329461373670647,0.132656965514878
14,9,1.34994211845296,0.402827147102057,0.0332642014799702,0.13336771107187
14,5,0.847288813912385,0.381390966608184,0.0234725648319221,0.0613988940705783
15,1,0.0887215797423203,0.392493993381199,0.0163841716519634,0.0383592159763299
15,2,0.0726694372116831,0.397496900144145,0.014806897485409,0.0388926540590252
15,3,0.0518802194811504,0.414451560078873,0.0120061141406904,0.0394736578025337
15,4,0.0859115242399406,0.402691166411359,0.015367788391374,0.0416393414789779
15,5,0.109980499273447,0.40692782542861,0.0146925342611419,0.0348562000336753
15,6,0.0570081963442665,0.412455925318555,0.0130748468072577,0.0402294332140221
15,7,0.106338338866661,0.380204677880473,0.0182048107004882,0.0338920489924525
15,8,0.0356276411059289,0.367820422337917,0.00681786545534006,0.00687068490119528
15,9,0.0851123864752859,0.386576293695065,0.0158602209698664,0.0289494397178927
16,9,1.87474097114265,0.163079853713326,0.0440511896551991,0.0848801893749475
16,1,1.84453865529656,0.149302480690083,0.0393542738080317,0.0732421948271398
16,2,1.90617831039352,0.179817045378144,0.0412343039504209,0.0805895549725121
16,3,2.08361313560457,0.163368199323088,0.0452990295391173,0.0833646357131625
16,4,1.78169905447476,0.157107699961844,0.0433009102173547,0.0827078424788533
16,5,1.86303013012969,0.153471401355873,0.0443029793622236,0.0800421410741041
16,6,1.90001650060299,0.190373457275399,0.0406081629035124,0.0823858809012028
16,7,1.8909561254725,0.160834242192854,0.0434127876096537,0.0818337155552484
16,8,1.78292162803269,0.161862852971316,0.0446475739509131,0.0861932424037589
17,9,1.46970639089378,0.00674236850577704,0.0711579974660947,0.129364209198122
17,1,1.48084561699671,0.00673814235478985,0.0711484941004082,0.129009449736472
17,2,1.60406106959597,0.00673801266586454,0.0701710502954261,0.133033198985811
17,3,1.54685721058993,0.00674086056455876,0.0678635921779472,0.1141987379156
17,4,1.56146008532803,0.00674089479082016,0.0679898950537473,0.113157037070738
17,5,1.50859821746761,0.00674010890653706,0.0676739714964436,0.123123116050072
17,6,1.56988381518048,0.00673823850702846,0.0655577308340458,0.110254231698619
17,7,1.49300736486001,0.00674130652344286,0.0660795825028804,0.117039432014248
17,8,1.54613171687036,0.00673813344394032,0.0707311916478709,0.128742930118659
18,9,0.653447161290368,0.21823876715633,0.0409555853754342,0.174346533256628
18,1,0.590366092279292,0.279753661737663,0.0436397848046121,0.250140565269817
18,2,0.564133361161116,0.19801465439365,0.0355360597448446,0.159428989974784
18,3,0.595989647353906,0.216848380903538,0.0377051146630903,0.173912490499991
18,4,0.621230820161154,0.210782565506637,0.0391474224327598,0.166469223267408
18,5,0.632563193458551,0.209693554228273,0.0392945374203029,0.167152659204881
18,6,0.679709212481916,0.203512957343353,0.0407718444376046,0.165972962626957
18,7,0.646585244974046,0.215617993961154,0.0378136461371081,0.169584675680995
18,8,0.126201702527368,0.236450270018817,0.00891232087037177,0.00675272210852935
19,9,0.947518210942598,0.0637654268063119,0.0601527018945139,0.221829904840507
19,1,0.978730340227261,0.0400852757051203,0.0527890317681725,0.194730558752511
19,2,0.646367710256387,0.0883575910536336,0.0548348209425977,0.243804899361588
19,3,1.02848591925076,0.0417213700966302,0.0528550986425648,0.195355311328415
19,4,1.07039906231622,0.031925231749261,0.0602421916155582,0.228727340856424
19,5,2.32959870950968,0.108308705260182,0.0623873286135476,0.256732202872738
19,6,1.0918893896995,0.0288608364897967,0.0619593077003854,0.233047268075575
19,7,1.15600877712899,0.0375844520943773,0.0599617057006712,0.230234020809299
19,8,1.11257335375054,0.0311799357668028,0.0622617069022663,0.237255445394162
20,1,1.12219144327899,0.480589789359068,0.0423162948200497,0.118441428266487
20,5,1.02545585978248,0.417815194562104,0.0456469567642749,0.0946506067198482
20,3,0.967949338016157,0.418518049517368,0.0406424432344805,0.0842384639529561
20,4,0.934201867794503,0.417155539630938,0.043850706299589,0.0857797043033711
20,9,1.02774776298788,0.411610705736008,0.0457162470034352,0.0964468144674248
20,2,0.928186133811965,0.413397026643498,0.0403993457770531,0.0740689196010327
20,6,1.03297718371418,0.420312785701581,0.0448193112572051,0.0991863031631206
20,7,1.01259529522235,0.425255984618605,0.0454529721615265,0.100735205635075
20,8,0.977318115740544,0.420998273160742,0.0448108702729302,0.0992870524911071
22,1,0.70357809335955,0.187749783410322,0.0629030539676711,0.169640073396718
22,2,0.998000931805451,0.179175078037445,0.0649737508350646,0.162000456828571
22,4,1.00335869100415,0.188699285168144,0.0598772456122,0.149441941729537
22,3,0.817169009653482,0.166447468713348,0.0654133110613828,0.167489887621369
22,6,0.801762680236016,0.178876153628432,0.0659800469368938,0.171056763305032
22,7,0.886869442346727,0.183632148680122,0.0690017325459795,0.188479645249061
22,8,0.78473641013204,0.175146491239885,0.067298527975514,0.170639574502726
22,9,0.787513929355103,0.199216416300755,0.0661579675532137,0.188197881476089
22,5,0.727061384874208,0.18782960939249,0.0616665281795661,0.157275913723744
23,1,0.0654585090222546,0.161370599307994,0.0278562468579661,0.113183154869073
23,2,0.526958923255878,0.14115853584115,0.0369403703714192,0.129398213943834
23,3,0.264875645469615,0.115994627748242,0.0276343813446906,0.0629477162922502
23,4,0.418979231326983,0.13065882875855,0.035897694490617,0.114230347070529
23,5,0.374884740224875,0.130911139811408,0.0357145896966345,0.114314771487685
23,9,0.279879308527448,0.154445774244371,0.0332531296601275,0.108114550711727
23,6,0.411148603901731,0.131735463453989,0.0357825259986315,0.115847587693817
23,7,0.359475391403686,0.145293666111388,0.0337384784032506,0.11283071461291
23,8,0.393499892034591,0.138852614933853,0.0348512473374254,0.114966821436698
24,1,1.89870546951172,0.166663908032455,0.0520861280304384,0.137717191509296
24,2,2.47880905525063,0.0314681524548499,0.0633828108560067,0.174434853999504
24,3,2.28578706935673,0.015243469781644,0.0603614928435349,0.160854319510948
24,4,2.84846579941204,0.00681424650539932,0.0574795864554145,0.148173509608129
24,9,2.51392789084009,0.0609542197172726,0.060625855241295,0.171716410992566
24,8,2.32287711012586,0.0750265387544297,0.0623612345940811,0.170617308162843
24,6,3.47219197175431,0.0269540587062878,0.0643060193333446,0.1830922457631
24,7,3.07687456969086,0.0466328162198873,0.0659831657957261,0.193906014966435
24,5,2.50882735861758,0.0293005997299341,0.063814131817814,0.172285631504848
25,9,0.730689747157008,0.296707067677673,0.084934475644618,0.263361107415378
25,1,0.573437040969376,0.434461879903164,0.0648014740994051,0.248051325639451
25,2,0.748132250995042,0.324783039219716,0.0846108723640479,0.283219380258523
25,3,0.66820710289181,0.26729259647826,0.086058551585112,0.258404974021097
25,4,0.703004187110646,0.293465917570034,0.0853723036068351,0.275614466346146
25,5,0.724594190413046,0.278571594328217,0.083423252459991,0.257740161470641
25,6,0.537228091027302,0.31239618289992,0.0779327528014593,0.250034727763306
25,7,0.674787068548811,0.254118748685416,0.078359411569559,0.237750890636837
25,8,0.696091920478109,0.234865592857359,0.0752312546387307,0.203145294756025
26,1,0.195281630236266,0.276310065473795,0.0471263281415073,0.155975084681701
26,2,0.205016875326078,0.235865379116872,0.0548788382298416,0.193439626375448
26,3,0.28700347169615,0.227922956500517,0.0578446265348275,0.184801367255507
26,4,0.834547008921417,0.208862065237679,0.0677289104956043,0.198876509113806
26,5,1.66536397962917,0.197811962154258,0.0803235467939744,0.235102337589442
26,6,0.620164599914018,0.222153538443324,0.0676828344377468,0.194720577830737
26,7,1.00258536434387,0.205354882950612,0.0730726844576374,0.213130556051086
26,8,1.12739369006948,0.174190505532764,0.0596248701827174,0.156169831738753
26,9,0.368096530719523,0.230145991356526,0.059454151783969,0.190617623302115
27,1,1.36889000699675,0.0537291587582957,0.0640902170443914,0.130357714073322
27,2,1.38773465654983,0.0467392155863307,0.060567944957782,0.109517046756205
27,9,1.45389365171375,0.0337912964961393,0.0653925069710773,0.117683176696128
27,3,1.49055346914796,0.0138152723947004,0.0661378782991619,0.109614112264243
27,4,1.3005531726748,0.070277892968545,0.0605202827552046,0.118126827019328
27,5,1.47161667629432,0.0298271994621196,0.0631087645095478,0.111586669180871
27,6,1.51282139393243,0.0641452061770921,0.0592679189180249,0.106811801313356
27,7,1.46739184768325,0.0152511119205863,0.0525772265184406,0.0829381953150162
27,8,1.42117472133941,0.0429010917720449,0.0614951008997585,0.100031910806347
28,1,0.358966109190065,0.134013097252838,0.0269844790981011,0.0619067943926016
28,2,0.35669640378186,0.102708009580806,0.0340338705215563,0.0871068418717096
28,9,0.0299046663105184,0.185157825526113,0.00675155196227161,0.0161924608100827
28,3,0.336898271861061,0.155137027513654,0.023578788853636,0.0567579393550551
28,4,0.342345109396081,0.135036182486899,0.0265290513093036,0.061630873253713
28,5,0.406269217363569,0.12205586962536,0.0257001507108428,0.0422488447067084
28,6,0.285183715882404,0.154041794199463,0.0238204081148027,0.0578500000773091
28,7,0.419127919578077,0.127196361536962,0.0283215674171332,0.0680046890121916
28,8,0.386457826733541,0.130317647886005,0.0282607715402124,0.0652435017525212
29,1,0.390898870078652,0.278124362184347,0.0549743653390211,0.164343158079258
29,2,0.397965258362663,0.216000039329865,0.0622534262962649,0.172587360774605
29,3,0.447029026419875,0.200657222617216,0.0644805132949918,0.171138339801275
29,4,0.349469558362462,0.231070719824632,0.0619843652824736,0.1786286264924
29,5,0.433191354001114,0.206525246561492,0.0630223744230627,0.166290451029863
29,6,0.253590975502045,0.240061004649599,0.0474134252972138,0.134169728923146
29,7,0.665201259937705,0.220676573387123,0.0603614326549449,0.156396118229815
29,8,0.603294974721785,0.228144879411635,0.0592811042071771,0.152872306962319
29,9,0.454213228466211,0.217576198515903,0.0669479558329925,0.18463134574847
30,1,0.457497019569041,0.159073626392007,0.0469046234346526,0.15672827999322
30,2,0.54111472030831,0.156840419224779,0.0487024859752981,0.160521474622874
30,3,0.467185425807103,0.14592050699458,0.0489756608460331,0.154572684580531
30,5,0.460307861147241,0.153310866538389,0.0500438556327108,0.164223810280335
30,6,0.484125403716479,0.164900985278214,0.0494206804755207,0.170401774530614
30,4,0.463367163395838,0.162290911369798,0.0483471427354141,0.160551325609114
30,7,0.0780919841844791,0.241297942732969,0.0199958138474082,0.0807630172332674
30,8,0.439707022474092,0.15274612578101,0.0471671308579182,0.152084918176949
30,9,0.493616874169322,0.167302235619387,0.0491438275579313,0.166919308184754
31,1,0.259961547172288,0.458197374292099,0.0333926943163529,0.165019949246001
31,2,0.268721100814643,0.451051595696109,0.0338827956679382,0.174784197848815
31,3,0.214951439878433,0.43317166047602,0.027177406346916,0.134718292582516
31,5,1.42828422053126,0.824682188969557,0.0512418586279239,0.364065255550803
31,6,0.247705042646549,0.446454178076077,0.0337776677069134,0.168213297781771
31,4,0.270718210176348,0.460185398694133,0.0334425144766162,0.17482852051428
31,8,0.246823642461479,0.473048722692382,0.0313811285803902,0.188699856736839
31,9,0.255743403757432,0.491599851195479,0.0244316701741621,0.139337379488532
31,7,0.294547383646325,0.455162036172702,0.0353232087430011,0.173230151175791
32,1,1.58174083676939,0.212086200731261,0.04339510681803,0.148367195256512
32,2,1.44364782284562,0.22410833293091,0.0393552917586797,0.14090508950667
32,3,1.54601315147248,0.198183966824884,0.0450525614662884,0.148999036354774
32,5,1.61462414503797,0.221045019421001,0.0463203225295699,0.161446439512683
32,6,1.70606417819137,0.23581657889358,0.0457880717120821,0.164395546561554
32,4,1.47641429142716,0.262989457802524,0.0405279413488049,0.138025149106437
32,8,1.38006689661594,0.220552918796516,0.0396769043178855,0.138633527753359
32,9,1.48023581257695,0.223165011135244,0.0354029622103847,0.117906742161806
32,7,1.73962283293125,0.258880754362001,0.0456444005398962,0.178370927389045
33,1,0.868536128118275,0.368327857522377,0.0527843477138552,0.140461495841547
33,2,0.590572879751908,0.32544945454368,0.0520459799519776,0.131100091779048
33,3,0.935004116020707,0.336628233019116,0.0547627801587761,0.130095089947535
33,4,0.875947292900363,0.312613469349949,0.0469607148121581,0.0956282994844931
33,5,0.825018832593047,0.324168923587156,0.0546169568899619,0.126056762721584
33,6,0.796293505642736,0.323537164755653,0.0549438864695115,0.126313268176899
33,7,0.620224890953052,0.328570744245566,0.0500391907794163,0.12127690122241
33,8,0.408823263249022,0.316994845006286,0.0428653437932937,0.104306817671975
33,9,0.791615283618007,0.320631908742925,0.0548507474709651,0.126984454073854
34,1,1.04352553428889,0.178968111754212,0.0788373738480793,0.178755159584385
34,2,1.05691122123035,0.161298042562084,0.0797465181576132,0.180131530159536
34,3,1.05044818038665,0.179676346754618,0.0776606227238675,0.177722609792632
34,4,1.03323121703913,0.184877951933566,0.0766144891564458,0.183198950796824
34,5,0.963093610967695,0.196231590080561,0.0621983978361626,0.138670089795906
34,6,1.01444553071893,0.147912941312976,0.0748904427813294,0.161914634387223
34,7,2.28984252717612,0.218274939234381,0.0795542237262536,0.195596382771647
34,8,0.957638484332754,0.173384916284921,0.0757460628846012,0.176061982429113
34,9,0.983653563625712,0.181984785906706,0.0769987777985919,0.184714572819419
35,1,1.15347836774811,0.363843749725165,0.0506860925897603,0.060582595290647
35,2,1.18084289802037,0.355873544749254,0.0537660751855546,0.0544034890938659
35,3,1.11245350715534,0.397578555015991,0.0476461738815401,0.0383685432904448
35,4,1.2391133758977,0.374545262040196,0.0505798785490247,0.0424065049050232
35,5,1.16845366946243,0.348646743477166,0.0546712512766994,0.0538567061830505
35,6,1.16923126428046,0.370768189619065,0.0527849233032852,0.0616754150516602
35,7,1.23609698434794,0.353359781058407,0.052502803603107,0.0495273102703109
35,8,1.1256635492885,0.353942261884282,0.0522592672429734,0.0441192014545516
35,9,1.14240904897155,0.354377889580326,0.0542333695271303,0.0538033431516484
36,1,1.81020973662116,0.0866548897312074,0.0602260881033546,0.11985207667215
36,2,1.89700048899174,0.123397406665855,0.0552979645004218,0.0972396719741633
36,3,1.9132258317302,0.0841558524358923,0.0583794020140291,0.116519311556344
36,4,1.80157810329887,0.0947966567560796,0.0565147109503294,0.114344276043266
36,5,1.82444205523355,0.110282642662009,0.0551361653614914,0.11356834782909
36,6,1.65067021409739,0.150699039180243,0.0537346308856636,0.113604253443336
36,7,1.74467753728733,0.0811052809547654,0.0556868198959609,0.107866540796174
36,8,1.90643725484657,0.0675583024263055,0.0583920700773318,0.112415612457049
36,9,1.80132636015594,0.0541481999528648,0.0505472752190811,0.0936452521038852
37,1,0.381968009689167,0.161695959715971,0.0909788456869612,0.373573909702139
37,2,0.217660002322942,0.121833715814757,0.0869476478604438,0.365405030955681
37,3,0.183805959470357,0.0822607851628357,0.0901600471737484,0.35441290868569
37,4,0.186094075458875,0.105557547026573,0.0859302371526229,0.344630120579258
37,5,0.130876289831215,0.104472935239285,0.0947607368848323,0.385325615684505
37,6,0.513525823899463,0.100991545052359,0.0855315878983478,0.329041010727537
37,7,0.160291646307951,0.12217389165241,0.0990965061977071,0.410395987830731
37,8,0.148754364739403,0.0960909705576012,0.0938750628605467,0.370134479105422
37,9,0.0601770048385787,0.117467513846255,0.0671204930812775,0.243929378519583
38,1,0.087246215104626,0.234932532631857,0.0186145006574437,0.050870593776463
38,2,0.139111947153664,0.21818921801497,0.0211114152788431,0.057239873349003
38,3,0.0877792198268396,0.213029029641642,0.0197567862805845,0.0513241795622369
38,4,0.119790589968194,0.215739627862394,0.0205796842431102,0.0549048003990274
38,5,0.102543108068287,0.209937355482741,0.0204786274599016,0.0544008091180365
38,6,0.198115505259928,0.216459093696519,0.0227503241117623,0.0595220166182962
38,7,0.133954430116839,0.216437132159478,0.0210314463973147,0.0552607654076565
38,8,0.0863038476599989,0.222317589719045,0.0175403160251407,0.0523667283949651
38,9,0.174820486211413,0.212273342365939,0.0229551480568747,0.0584341079028048
39,2,1.98948974887567,0.0344459394079308,0.0723903966866361,0.187790272486605
39,4,1.88201329306083,0.00990163335219504,0.0619826778656897,0.148019548655333
39,1,2.07119648511672,0.125192390153272,0.0633267532343455,0.171395388297544
39,6,2.09776180179275,0.0216831989499316,0.0717462329755063,0.19082145724252
39,5,2.41413301286204,0.00674031802669556,0.0694873514545778,0.187154843602127
39,3,2.23942066343063,0.0175219747790983,0.0705750670553275,0.182274103658333
39,7,2.36835344593909,0.0177841703379176,0.0727127374099473,0.186160621388462
39,8,2.86974702994584,0.00676307696809796,0.0656255656341622,0.173245117165284
39,9,1.97457896154148,0.0561287864391995,0.0703874431250167,0.203671264789172
40,1,0.747921762015079,0.340264823568257,0.0526748976782721,0.124776127498149
40,2,0.700429693326997,0.347264304056356,0.051489385742535,0.123788461815228
40,4,0.740896744639908,0.380390014919215,0.0497512880900856,0.126541352250755
40,5,0.874053229796946,0.338380758372393,0.0553247577954762,0.124400217169774
40,6,0.831267124816381,0.336757625123194,0.0552335126874866,0.125434835984231
40,3,0.726448851029871,0.315906731873574,0.0472614534304713,0.100593288988091
40,7,0.796121718542556,0.332755160891644,0.0571513647150549,0.130350336495401
40,8,0.924785209222287,0.335150710670034,0.0560744518244074,0.122811600701124
40,9,0.764735131652407,0.341573961986394,0.0559857543278393,0.13481866685575
41,1,0.994537222805147,0.187693825941183,0.05938447046706,0.0863110369396774
41,3,1.38896337019985,0.17719727706073,0.0687010111831709,0.129459862077222
41,4,0.914489689975199,0.246348536935137,0.0678000599258223,0.136006928446066
41,5,1.01839484516889,0.20965215044419,0.0704500345468074,0.126308851510053
41,6,0.985056259872036,0.231930321086473,0.0660948949890221,0.125160720224486
41,2,0.929543301238051,0.214688617534019,0.070394278083879,0.138495310451635
41,7,0.963476747853058,0.208330856355624,0.0684558648533683,0.112656018760724
41,8,1.03911582876268,0.217490042383087,0.0692927204684415,0.133813346051377
41,9,1.0247518049728,0.212529820406975,0.0695472801700485,0.123727181079228
42,1,3.33271525554616,0.201234347778216,0.0556325255186485,0.195065049752475
42,3,2.46539899358694,0.187304087899895,0.0575947451438961,0.200961086223294
42,4,2.25789543360595,0.200093700386233,0.0552834559557944,0.198984601449676
42,5,2.05918180938787,0.17372283703761,0.0436351724834283,0.138371442845478
42,2,2.26641591298258,0.195637329710519,0.0540507151705187,0.194864633753459
42,8,2.41401611767135,0.156085722488087,0.059511170302677,0.201699835076044
42,9,2.31915962351914,0.239693263862327,0.0574067101558914,0.196129645475608
42,7,2.74229887727931,0.200664148568726,0.0566730811747433,0.203105486606278
42,6,2.83197695468481,0.172829359064392,0.0567091373400005,0.178394127847955
43,1,0.461154125666842,0.248353569084392,0.0927203229606897,0.339738495521386
43,2,0.547604538203396,0.221468735078776,0.102103358175466,0.367963760271521
43,3,0.319658927213321,0.188964501644305,0.10124230914786,0.404930684301444
43,4,0.501390460020077,0.181262140680943,0.105225529955799,0.392878892153395
43,5,0.455504860450255,0.165114486806651,0.101954760759315,0.383721324118922
43,6,0.665948783273278,0.147580605323346,0.111396811160459,0.407891247791246
43,7,0.577764351786652,0.196128824563076,0.110803457855204,0.404148079986706
43,8,0.678301807743173,0.193479514185002,0.107637163128828,0.400701611491439
43,9,0.545213519448606,0.180966604083831,0.101180858694958,0.377516397349185
44,1,1.16352219296556,0.176260301625536,0.0493969234235192,0.113176176104616
44,2,1.0551728597357,0.203870917660036,0.0501477674526818,0.131483792074126
44,3,1.14397146835923,0.184475595822371,0.0507738116483296,0.117637823275185
44,4,1.16252166495831,0.162539540165804,0.0495902459845839,0.103869669584552
44,5,0.991714314912713,0.175655699474734,0.0479013380190781,0.109393116634772
44,6,1.03242931671382,0.193509777849956,0.0523582460437537,0.114716080157597
44,7,1.12831111464824,0.191134919522511,0.0507475707636937,0.120194838557549
44,8,1.03930488509932,0.222475396976961,0.0465651079833876,0.109401550548371
44,9,0.92705288658376,0.179236129750224,0.048745561507049,0.112524015538647
45,1,1.24389726072684,0.033383519519537,0.0548464954501093,0.0931188398891861
45,2,1.48992156126754,0.00673847393132129,0.0746406729747086,0.21423320769347
45,3,1.59362912070924,0.00673867936561241,0.0743217416325026,0.206603413182441
45,4,1.46815183647061,0.00673944246953838,0.074777396796803,0.21919835641137
45,5,1.51562134690654,0.00673810386155151,0.0714935662589983,0.197916917557837
45,6,1.54503223200104,0.00673816846394071,0.074807795587079,0.21896444203331
45,7,1.53048948540816,0.00673953323122133,0.0741011477751045,0.210094255755282
45,8,1.53031196736425,0.0067379533189722,0.0749098090709663,0.215249567955105
45,9,2.04444374399175,0.0067403570687357,0.0781316519856083,0.227654424375063
47,1,0.497252195049065,0.284711223155843,0.0425120646469486,0.121978994644571
47,2,0.544448630485707,0.240428384771224,0.0350699555842305,0.0855758313797981
47,3,0.518508836880761,0.273328746467369,0.0426588668894113,0.116132344682486
47,4,0.520173782508378,0.283552582035373,0.0447067182870016,0.128307729127198
47,5,0.573678063372009,0.256585807991307,0.0461871185675264,0.119934422825229
47,6,0.511744814234175,0.272401557303197,0.0426685019857667,0.116645242635334
47,7,0.463547727810247,0.262836420366083,0.0386996966830877,0.104691742588743
47,8,0.40028406002013,0.297559005603658,0.0386790722494458,0.0968004529566429
47,9,0.535627094901684,0.304419133964756,0.039159659389679,0.12106282085433
48,1,0.0183468411037207,0.52492871567929,0.00793615117354317,0.00690959312272638
48,2,0.018376268864919,0.527443793229017,0.00674365931468503,0.00693664702983468
48,3,0.0183921357073792,0.528109583199704,0.00810809340830647,0.00684364200848524
48,4,0.018373717711061,0.52739789366355,0.00691616255761479,0.00685822714243631
48,5,0.0183658384468035,0.527560134682468,0.0079607547731612,0.0068911386520838
48,6,0.0183445758571498,0.526392161228499,0.00697872982911787,0.00695560975650753
48,7,0.0183387527762723,0.519969322311459,0.00695455856391433,0.00702583944093823
48,8,0.0183968520523378,0.529761413122433,0.00844130612048678,0.00705373231123421
48,9,0.0183563002901157,0.528000614466091,0.00786695068411443,0.00678785304438897
49,1,0.0392140801791576,0.327710177055235,0.034609807519626,0.0633008634748352
49,6,0.0493869632095694,0.308797287969821,0.0506204483112263,0.122445437742461
49,5,0.0682429619409902,0.3019411661997,0.0517522146223149,0.127207937290046
49,3,0.0672736831867695,0.29999318988571,0.0506044283663049,0.114849995671531
49,4,0.0876624559424039,0.292870533616342,0.0536250853629794,0.110365847648009
49,2,0.526382980405751,0.216594616888345,0.0740526825514336,0.12761507656256
49,7,0.0908838521253112,0.301325568875879,0.0534665020923714,0.115876900552639
49,8,0.152507991593069,0.304389598535864,0.0517143811273876,0.106248922087727
49,9,0.159548954076645,0.30280841833387,0.0538610087771153,0.113860843612587
50,3,0.0420177907924501,0.580822724224039,0.114434690219855,0.442929667008731
50,4,0.030768401957591,0.510862432202869,0.0551536774246485,0.189567342996668
50,2,0.044431208600965,0.591013032244974,0.116797420731154,0.442402843119663
50,1,0.0392773785396591,0.604256168573842,0.119255957178351,0.469291822777472
50,5,0.0418948654340768,0.576553447986877,0.116436418183553,0.429174146061386
50,9,0.0183275412294692,0.755470324945839,0.103911231263793,0.395661050781624
50,7,0.0300346598193243,0.626218186288032,0.128135340009714,0.502907084168822
50,8,0.054992335498676,0.572127069174386,0.113018393158126,0.399269190347822
50,6,0.0532791149819394,0.57041024501515,0.114426737009421,0.407845807288667
51,1,2.23777933457511,0.0724750751149794,0.0729936503250904,0.181628265712968
51,2,1.75030144158678,0.0380853542034693,0.0730618013462681,0.159439261454479
51,3,1.78600813824364,0.0472289454384134,0.0752221339022146,0.169171337155428
51,5,1.88187355200543,0.0147262654949677,0.0740740427108458,0.165624126398203
51,6,1.79685412627859,0.0503964701792357,0.0733226009468527,0.161475749877226
51,7,1.72895293512621,0.208645057691572,0.0556724398299587,0.10698523784417
51,8,1.80719706681966,0.0134422135003548,0.0719170988840108,0.152015660159534
51,4,1.67638657682018,0.0653638171842534,0.0716618832358686,0.15788845472706
51,9,1.69406216552993,0.0499956603458771,0.0735912014953875,0.157463255259125
52,1,2.45729615762582,0.54479029805111,0.0416357507895492,0.130657028135652
52,2,2.43471904469659,0.520212126095133,0.0424262280427763,0.118207548364118
52,3,2.55517210476421,0.571741645019391,0.0418850866217376,0.129894498570786
52,4,2.00391338856015,0.536851209233924,0.0390478240352051,0.0876089919638535
52,5,2.84451335761155,0.61269578234587,0.0439949333808083,0.15507948364645
52,6,2.41403958725514,0.516711937076022,0.0423871850792505,0.120857610218686
52,7,2.58309311415819,0.519052595429493,0.0431611016763071,0.117205766974549
52,9,2.27644375039135,0.445747946431103,0.0341927215018473,0.086981303021142
52,8,2.49171621383809,0.536239118538627,0.0436048853265603,0.127081337402353
53,1,0.563468343974768,0.200142876474272,0.0569680871925606,0.282911999663625
53,2,0.547946716099941,0.115639589899485,0.049966275160893,0.187313399243756
53,3,0.812475123894324,0.176437086748161,0.0571387330379234,0.243594403427912
53,4,0.648738056978484,0.160989759279922,0.0593781796281606,0.253123579610563
53,5,0.646306503983698,0.144875338599654,0.0599950320509255,0.246150016811342
53,6,0.684510642016327,0.159718617220076,0.0591131165689809,0.250213600391085
53,7,0.318370569920227,0.23150327271722,0.0336629129272268,0.124093721538576
53,8,0.610171105757953,0.150604319296551,0.0587632492042463,0.242811036959714
53,9,0.411709115562093,0.144772696466691,0.0584933184436454,0.254898333967614
54,1,0.56978252494579,0.316778015493031,0.0558935031436369,0.1416130584224
54,2,0.630971179670378,0.311949005751448,0.0589482950534066,0.139373424906378
54,3,0.95681200834266,0.268714707063411,0.0626242516635351,0.134426665028988
54,4,0.661042072601265,0.316528825186271,0.0582975180662178,0.12932390135319
54,5,0.622694260648061,0.302451743100423,0.0547352454380213,0.123480016265794
54,6,0.704365131575455,0.291883905626197,0.0580660054959365,0.124579242708226
54,7,0.490238604417478,0.340532588981096,0.0510068502556989,0.131522388133775
54,8,0.678622881133357,0.314249429315251,0.0577368538210162,0.132545543200809
54,9,0.719515694580276,0.294750355536065,0.0648603761741214,0.15089672618978
55,1,1.3589466686701,0.353672210113137,0.0406958113725222,0.0769427872223618
55,2,1.35716462949933,0.388072943320708,0.0417732742142812,0.0889292155608061
55,3,1.51921727302921,0.360805049157193,0.0427828214408542,0.0881467956603848
55,4,1.5891495188497,0.366058409788417,0.0428793775872503,0.0847541566184808
55,5,1.77383640488974,0.405748476361505,0.043676127258597,0.0698134457534031
55,6,1.43969721423796,0.350532483176104,0.0416222979463819,0.0741625223359129
55,7,1.49617655301038,0.384045900492436,0.0405752768046189,0.0823412310202968
55,8,1.45315350201042,0.356416659663277,0.041895725843857,0.0807380401805953
55,9,1.43974531610955,0.35602005847194,0.0423427521311302,0.0825816860593986
56,1,1.10108754834502,0.301587878674885,0.0474605734841683,0.162627877072068
56,2,1.15219571356,0.273618617037303,0.0485509244787346,0.179466447004754
56,3,1.11336993555054,0.274185264604944,0.0501097030972549,0.1910183967217
56,4,1.16966398109691,0.284222639387221,0.047332638113966,0.16711025460163
56,5,1.16474336858931,0.284944862076295,0.0482408659513211,0.180258517515408
56,6,1.21826106404187,0.285068886081791,0.0429203896036384,0.168772743702482
56,7,0.994486408036809,0.27495586352548,0.0495932450709162,0.195596994529154
56,8,1.15331451954295,0.287850782554027,0.0460646645575802,0.174071010191528
56,9,1.2106073874278,0.292803552518963,0.0502438184139875,0.195261335763877
57,1,2.57362674155801,0.00673802898460813,0.147077448138923,0.607341471643806
57,2,2.41750972916616,0.00674147529240527,0.139999188229132,0.549479123523106
57,3,2.69733955254193,0.0067398741846405,0.141837627686943,0.583095735540318
57,4,2.83233878762166,0.00673804083477546,0.141812799715829,0.565030723461096
57,5,2.55032762820971,0.00673901743964161,0.138656013677687,0.567070408014412
57,6,2.99403502934296,0.00674020749612257,0.130620370821222,0.520728352436193
57,7,2.2158853173485,0.00673819863713375,0.0857735097515471,0.275456439301603
57,8,2.54801061868254,0.00674360367652267,0.120374470183748,0.440603548136142
57,9,3.29439290373225,0.00674252824423755,0.14634664484516,0.599603966263906
58,1,1.39700989727282,0.155134578869962,0.0523764167287833,0.092018864725432
58,6,1.6271950373339,0.132715008888361,0.0604459505898787,0.108122243837189
58,4,1.48387209789597,0.127378756096652,0.061952576642524,0.100117371751834
58,5,1.37710410576511,0.164020020583844,0.0598206917045277,0.104284461575809
58,3,0.766459719229223,0.193709418531245,0.0470633726427089,0.0828679449497963
58,2,1.39002250199696,0.157732396597793,0.0577303177830804,0.100464863089115
58,9,1.39423815501881,0.149616076088007,0.0599774048769479,0.111301054614051
58,7,1.43974658974675,0.160698482717888,0.0566345585666499,0.100017290212589
58,8,1.54735087233891,0.142761310032769,0.0608097465205452,0.107326389286415
59,1,0.198653131722014,0.623322652713273,0.12113092499135,0.367546093274244
59,4,0.231379405599233,0.603973736138948,0.111206756752039,0.34464162617257
59,5,0.213582274972959,0.62421892793773,0.118085117938449,0.364716089492959
59,3,0.197645062519135,0.633787091919336,0.12655516540834,0.416300371698993
59,2,0.197624877257848,0.631784943256798,0.128511549031625,0.39917674027832
59,7,0.213980743215195,0.586094554789521,0.0969877730246503,0.276688207371896
59,8,0.216881329347086,0.644542147155965,0.114234293704598,0.347627016462185
59,9,0.23485895153773,0.582048411773002,0.101113505781374,0.28572569336825
59,6,0.209033021074571,0.573319119123727,0.0878467510333539,0.26375285145968
60,1,0.173165254533129,0.489989653486347,0.0234211580431451,0.106953115529247
60,4,0.224786813257947,0.480144284937248,0.0247622310473513,0.0964611690417557
60,5,0.186552206095314,0.491280207866345,0.0228152046368776,0.10139060281483
60,2,0.18996050803328,0.495894569198282,0.0223231918377589,0.100603656417631
60,3,0.196165244879856,0.489989336245046,0.0243110543484918,0.101713780474839
60,9,0.200717550436526,0.491104447404587,0.0245381061392999,0.103529274333467
60,7,0.172234282800922,0.493466599030384,0.0213961270435343,0.0889447662743806
60,8,0.172983898948604,0.498513139244104,0.0208453457689086,0.100892690784754
60,6,0.231619334759605,0.4949477920953,0.0244504836941485,0.102692143045179
61,1,0.313825903147485,0.307568917756589,0.029523688790547,0.117673490458163
61,2,0.173668228778365,0.288532687448739,0.0238730505567517,0.0885539773399903
61,3,0.189395012714158,0.292821798514498,0.0275463388331424,0.105775621383967
61,4,0.186574391160949,0.300006444801259,0.0248060886881584,0.102404225154618
61,5,0.11955976599884,0.274320781890526,0.0179908421064339,0.0668245884386594
61,9,0.0404974872342215,0.373431582179822,0.00752977933061846,0.072246983367569
61,7,0.190904637121831,0.298202804966609,0.0248244698894716,0.102194918805546
61,8,0.271502779091458,0.326044679375924,0.0319853597377271,0.136734995036124
61,6,0.318009464902831,0.279085511863048,0.0297772809030608,0.0970198182699982
62,1,0.732045333502203,0.276253773558912,0.076413307086386,0.188219504248013
62,2,1.03220235288767,0.244286756838047,0.105955445527847,0.284079189661543
62,3,0.561786182002664,0.341437671001454,0.0803704797644316,0.226225096926987
62,4,0.573994005874704,0.373718570904937,0.088660677073068,0.277324931940043
62,5,0.497263178796708,0.379993999987346,0.0793907695489394,0.251452009400752
62,6,0.591400802232917,0.341756936676908,0.0943097186247553,0.290371899981154
62,7,0.657193368833399,0.337282435306922,0.0921903317218205,0.271953488696522
62,8,0.69288723036257,0.323167338884303,0.0913180409573953,0.255656750734492
62,9,0.635964671822913,0.31265588906653,0.0946103952120197,0.273830405672324
63,1,0.021480565941695,0.495381673333919,0.0876578021172554,0.587117716479632
63,2,0.0188520812049421,0.50610717584513,0.0838279815221758,0.582258136303701
63,3,0.0229141271314113,0.47877053086066,0.0838204101869861,0.546782068694251
63,4,0.063341419584713,0.416675460888304,0.0691675780021631,0.39375619945112
63,5,0.0297731510620934,0.521016081856113,0.0875485737790433,0.563130054847387
63,6,0.018385266593403,0.527901383692918,0.0969865683299751,0.594486530089063
63,7,0.0411311968834384,0.498275759713953,0.0916455250543914,0.579936836454954
63,8,0.0254471007387659,0.560237538784895,0.0747284702184441,0.561186751536404
63,9,0.0255445741625254,0.520051119844412,0.0961667296014303,0.616309026848606
64,1,1.21552144897429,0.187753607313098,0.0629892626355098,0.105256096301849
64,2,2.22151326332691,0.00674030928226874,0.0987331600781175,0.262633167508679
64,3,2.21344654497401,0.00674027288525871,0.0962355028796957,0.242746749285881
64,4,2.09186609385957,0.00673864579857815,0.0954250653719559,0.245870822655856
64,5,2.02869205702569,0.00673973223977549,0.0956642455849142,0.242894282973295
64,6,2.07972682111185,0.00673823543949537,0.0980125523369273,0.244660987865942
64,7,2.55361330567634,0.0067387467030665,0.0902202009314159,0.225108817610946
64,8,2.00468067400996,0.00674018678168236,0.095712506368976,0.237885594605402
64,9,2.16288631206652,0.006740595298779,0.0910258117683827,0.230168088983844
65,1,1.65641555837705,0.0948448931369717,0.07817909396269,0.171847802584661
65,2,1.42329747358438,0.125612192823479,0.0804428014164662,0.188709314594209
65,3,1.51072953792156,0.0863451261034778,0.0835139844876843,0.192329710335076
65,4,1.51179156909427,0.0539928273843136,0.0798318412698296,0.160541545772672
65,5,1.56617111061585,0.106364910400351,0.079593693855792,0.186465036126443
65,6,1.81391578754879,0.0766470172140347,0.0795774653652551,0.169795071147931
65,7,1.48064762572507,0.0835829762064616,0.0759875389708934,0.16826190462649
65,8,1.52368206336858,0.0837867934192813,0.0820309550494352,0.186637599050975
65,9,1.83275023163993,0.0904724094359602,0.0774279133668631,0.177160045492557
66,1,1.44763312447591,0.00674164445548221,0.081815086320049,0.215631524726321
66,2,1.60076406720258,0.00674031835750249,0.08478882795804,0.207708878583313
66,3,1.52269866738931,0.00673848382290544,0.0776611914695216,0.175749667829138
66,4,1.40132549508997,0.00673909683605907,0.0809518684583125,0.209349581481998
66,5,1.49161263699031,0.00673928194820947,0.0826720413827274,0.202287583109321
66,6,1.46336753567312,0.00674205229052298,0.0832154723307992,0.214034856168319
66,7,1.46743858077925,0.00673822105362125,0.0817600753139262,0.208637068998182
66,8,1.53161661695362,0.0067391723670157,0.0834349229783735,0.211759641209443
66,9,1.5046090243031,0.00674600971917623,0.0827007319301012,0.198384212540905
68,2,1.92818063257988,0.00673924197384039,0.104145062683698,0.245547343236477
68,4,1.96382053560126,0.00674361374092008,0.100399882804903,0.209051650162079
68,1,4.06826316066113,0.00675567025761131,0.0996188879261984,0.238044367868299
68,5,3.86684918355558,0.0067525604386139,0.0994947330459032,0.255868722706655
68,3,2.0271561259369,0.00674583180257425,0.110154319996299,0.262919222619617
68,6,1.93754341017984,0.00677412476830332,0.106171529680614,0.26289978237805
68,7,1.86025876989011,0.00674445976198936,0.103208745386507,0.248584302794809
68,8,2.01577495998027,0.0067438129644775,0.10410255132938,0.263509772321241
68,9,1.68605562346496,0.00674311679210075,0.100517619844471,0.258186005025735
71,1,1.72182386537035,0.443641422646931,0.0738216390492718,0.223177362644108
71,2,1.38049873725575,0.356507188664744,0.0798031259190137,0.23138325730685
71,5,1.33657273650584,0.443240324981768,0.074647776286424,0.234426506207184
71,6,1.28522043998307,0.407350131789493,0.077083050582026,0.213486683313166
71,3,1.17607879978183,0.398543647683693,0.0732526194180716,0.208624799064223
71,4,1.50779926080801,0.415447904953868,0.084067510725989,0.247497168967088
71,8,1.40762402096591,0.397440129464423,0.082837300294667,0.250333854009494
71,9,1.27726318126389,0.418527029832612,0.0765380917357733,0.229186409152353
71,7,1.37375773106683,0.410728758514815,0.0797248369336908,0.24381480957684
72,1,0.193478269600892,0.548370133927921,0.0229528260183546,0.193778196389458
72,3,0.0547155078467559,0.515184065646104,0.00688304995479689,0.138541724838174
72,4,0.247582904678249,0.525253623124999,0.0248694700450351,0.17044824490619
72,5,0.279160355591934,0.636533894387302,0.0265076665879567,0.263606922047302
72,6,0.0519232073434132,0.842959492087332,0.0106258132062446,0.469926279719709
72,2,0.0572960193731007,0.516796640678071,0.0075367240129511,0.139561530343311
72,8,0.180798581422917,0.54107467855315,0.0218179437566539,0.18964315051123
72,9,0.0616537533466754,0.51411747586686,0.00873070051185167,0.146126655124258
72,7,0.152058450621789,0.559564434114105,0.020774116753029,0.20291224434735
73,1,1.76129803418111,0.572066415681569,0.036356544546515,0.147899220738736
73,2,1.6091154276139,0.541263556728996,0.0372503750024296,0.165447834809141
73,3,1.05802003028942,0.550607526906073,0.0369888893269784,0.182887101546788
73,4,1.64500943628603,0.576567822822186,0.036471753066281,0.179904758410504
73,5,1.22857001077775,0.508484472001749,0.0358857113551829,0.177248105190124
73,8,1.48208899265479,0.520641362127429,0.0382418055381153,0.166806256922165
73,7,1.36917886427239,0.515220271411707,0.0346989752529495,0.161796283472302
73,9,1.30271147013099,0.57651467165076,0.0392910421682294,0.223048378126025
73,6,1.1059779360332,0.394084608150569,0.0235384930594308,0.0839286632416111
74,1,0.0288940386758425,0.511224022179566,0.00676795017824558,0.00676491934319793
74,2,0.0194505401315907,0.516047610506155,0.00681244447528429,0.0069007301245733
74,3,0.0234047299219733,0.515826869850198,0.0067420376072839,0.00681320670861392
74,4,0.0203322129817547,0.515818972080238,0.00680404501431362,0.00698230396362824
74,5,0.0237689604208162,0.51664170098581,0.00692168208161708,0.00730628938337374
74,6,0.023469404954349,0.516357065654406,0.00676001108607505,0.00680037659385164
74,7,0.022454109031763,0.516909781731178,0.00675497903745809,0.00694175427575302
74,8,0.0199617605654264,0.51556246086335,0.00673908700618498,0.00689335394467601
74,9,0.0248246665931997,0.517095340985425,0.0068072703648838,0.00679577654121296
75,1,0.763199091933617,0.195434523765636,0.0795385371239001,0.204291710126258
75,2,0.847258629521496,0.137729694077225,0.0914354163572457,0.233236978451075
75,3,0.973690426214413,0.130278899849875,0.0893983426042308,0.228966747252589
75,4,0.956868955217997,0.120593961960542,0.0875132224238551,0.21578398080395
75,5,0.813748635268704,0.118658725329583,0.0879368542466538,0.221161828482668
75,6,1.01133025789901,0.113431254601387,0.08170574622075,0.203820290005703
75,7,0.999868953698986,0.125131122720426,0.0830104157060276,0.215450723546012
75,8,0.90115263707948,0.111816332074837,0.0909315970168284,0.23809007512499
75,9,0.942994208020046,0.109531917702687,0.0871501068076972,0.219571111168044
76,1,0.0184821002302536,5.70159404211354,1.49259631771785,5.84129915558224
76,2,0.0184196436567229,3.02265836323955,0.772710591392785,3.03247898813925
76,3,0.0183365163420191,4.38454502867585,1.14958475453886,4.68665065115194
76,4,0.0183933443491189,5.4533744898562,1.4129685017593,5.88552003705353
76,5,0.0185041140958017,5.76976055607102,1.52387886721609,6.17577036012683
76,6,0.0183253273997983,2.42094811898096,0.609376403355004,2.37105998852297
76,7,0.018323940412018,101.924881319026,18.5835227502931,107.481809665465
76,8,0.0183332145886985,133.611376042173,35.4354918153673,130.572442207534
76,9,2.1975769240187,0.00673856167958369,0.214407102475379,0.00679162279797865
77,1,1.38639392555985,0.00673978957559336,0.107242358227575,0.357297036511768
77,2,0.0195049058794271,0.188782569867083,0.110846956735575,0.521925938551934
77,3,0.0183602353901198,0.162999222862021,0.110756821796843,0.49821356034897
77,4,1.26002903328951,0.00673872515915126,0.120527455430241,0.401351798142059
77,5,1.17834812960384,0.0067452658370881,0.110604161414369,0.381240772363757
77,6,0.0187003469483036,0.146866225871491,0.0992265303231881,0.452734728659846
77,7,0.0185664455973084,0.218047372606463,0.0694356579408845,0.307071798216847
77,8,0.018423207757784,0.182079893042812,0.101891318816207,0.491263984984911
77,9,1.96033410272519,0.00673852645294618,0.0844454656239922,0.2728607049467
78,2,0.11275249648739,0.341854320901501,0.0225392350553946,0.0745369388051498
78,1,0.136736615196674,0.340030755537234,0.0272152906185028,0.0844257324670435
78,3,0.0250257784968354,0.365940558913641,0.00687931151701755,0.0153700654777868
78,6,0.120083802893707,0.34134029623427,0.0241076897517222,0.0795986469156336
78,4,0.126357466163042,0.342416057289831,0.0242699440959434,0.082205367282652
78,5,0.102593662083861,0.347449313517792,0.0235510517780888,0.0893307233569552
78,7,0.124151987344938,0.338142246422946,0.0265685789525532,0.0914933232017935
78,8,0.047955595544567,0.315526908380407,0.00942845101745634,0.0128648416198492
78,9,0.11302441664403,0.33838512876616,0.0233743748067489,0.0760266827558963
79,1,0.0183163840805237,0.104739386248646,0.120688031019439,0.348540163818469
79,5,0.0185321933832512,0.144548086876051,0.148297044240236,0.442098601307434
79,6,0.0285813417522033,0.134304471125968,0.13817006733754,0.436892268793332
79,2,0.0183478301730356,0.20878356085068,0.106919520759317,0.39641052957921
79,3,0.0184074206112635,0.223818425038478,0.0934173987446264,0.349124840116579
79,4,0.83268910645821,0.00677960217858383,0.157945464100477,0.421606029165118
79,7,0.0184345597119768,0.165176588828661,0.145663705244802,0.424267928335036
79,8,0.0188931249262441,0.153938285570769,0.145267280377145,0.473589828527408
79,9,1.03055168284082,0.00675762241820189,0.170272453103466,0.453391486902119
80,2,4.31824752414926,0.553094396879687,0.117104161554786,0.560529205923194
80,1,0.373706393777638,0.200923974148085,0.080179442685102,0.286963407076421
80,3,0.585574008163853,0.0943595945775433,0.0939961849174816,0.371096549972942
80,4,0.37991965903384,0.0796078491796388,0.110900722606081,0.410140520636139
80,5,3.05988525163124,0.499766506581195,0.118124092187084,0.566551741296383
80,6,3.24129512057001,0.47320342690728,0.118631556193515,0.573241803645419
80,7,3.74943051164208,0.560207372632256,0.125125970376346,0.601164272700909
80,8,3.17458267061734,0.46775272930331,0.120567461710645,0.565263267883772
80,9,3.46911734132519,0.514207840697262,0.121752575923254,0.577866206852568
81,1,0.0183826680083281,0.128363616463734,0.0245534007111771,0.0989878375208508
81,3,0.0184029077693031,0.11302159598382,0.0343231881812484,0.125339640391949
81,4,0.768661553153192,0.00675984151980088,0.059529910680565,0.160198963324188
81,5,0.731582922037212,0.00673818392879843,0.0564668364358319,0.148081136871417
81,6,0.788103926287094,0.00674784543369531,0.0544036515319007,0.127762877806999
81,2,0.501499340754499,0.0185891533384372,0.0573642709210241,0.152462847168408
81,7,0.756130531677365,0.00674283549625891,0.0615688703004657,0.162361405904157
81,8,0.659223684135588,0.00675468219410925,0.0624873110271495,0.165026169182301
81,9,0.621748261654341,0.00675075892391892,0.0610669207098675,0.165791919632269
82,1,1.28900432137501,0.668205029296789,0.0397363227957499,0.257455623775841
82,2,1.32811498029317,0.668870540541426,0.0379904947009912,0.230971319068328
82,3,1.31212713060866,0.636834381420509,0.0399158701486868,0.232854005967057
82,4,1.27950738935088,0.63432027437577,0.0404577453790518,0.239226984530096
82,5,1.34277215085353,0.618183226541213,0.0380397316908142,0.219658891448497
82,6,1.22845162484171,0.62843830478053,0.0380552694189278,0.229679224257991
82,7,1.31221182577959,0.63691932569656,0.0408852268294968,0.242674454189045
82,8,1.19663522205873,0.664260503299029,0.0404116343095029,0.264805817262644
82,9,1.34475714217794,0.632268955915201,0.0367449614659262,0.2232813066749
83,1,1.82172451242314,0.0117120723934696,0.0744245876669203,0.0139638217806411
83,2,1.77786868578806,0.040944225411986,0.0763176619522705,0.0535424871354852
83,3,1.71310122180139,0.0225263288540662,0.0749106522376314,0.0526332757026029
83,4,1.57175113916655,0.0439532715942155,0.0716218709766674,0.0161104095638916
83,5,2.10895174886308,0.0378790936831696,0.0722082032271472,0.0149566043472891
83,6,1.62991267735367,0.0179576432860075,0.0757983353304434,0.0390971964296116
83,7,1.41490876418418,0.139485916159754,0.066116532460085,0.0249397910533407
83,8,1.78609564642762,0.0319711478034067,0.076986220279812,0.0308215210661343
83,9,1.67320181886905,0.0539342817886512,0.076192970386125,0.0311221421392354
84,1,0.550052236846701,0.263479391954782,0.0560122277576946,0.239377742359913
84,2,0.530027293167,0.405085627371765,0.0727559303259121,0.416539809653174
84,3,0.316460216725649,0.479139024395984,0.0568588417628991,0.400269733964234
84,4,0.460882187874335,0.389090356656765,0.0753105069099523,0.397819799259233
84,5,0.467391450510359,0.403496601562467,0.0747928497880468,0.381821011198848
84,6,0.42267109618345,0.405038166256798,0.0728888723913844,0.409800370485016
84,7,0.42813577797447,0.413129788694664,0.0752991674580837,0.419194173597492
84,8,0.506000090800886,0.402321307914421,0.0753145845916775,0.396542732099265
84,9,0.446644289811772,0.399665067497631,0.0755770691080738,0.402643296869411
85,1,0.225659426111942,0.375524292717888,0.0417298804120525,0.157388532859542
85,2,0.508870029780671,0.326612476359483,0.0870360434422932,0.374972986544891
85,3,0.662529923182424,0.33884955337533,0.0883641476910828,0.370239043914412
85,4,0.552244740232768,0.333630663554583,0.088556793546092,0.373271300386473
85,5,0.872105306490071,0.327143970667245,0.0948300236625643,0.382969045332191
85,6,0.459396029766839,0.376846820425626,0.0915467460809056,0.446104118986149
85,7,0.464723242910967,0.31339979674542,0.0899403948582092,0.384145147445112
85,8,0.474065966379375,0.339857966891347,0.0876150402817009,0.38823078187276
85,9,0.468583097987087,0.310495460802245,0.0892207917822856,0.38519985082891
86,1,1.11314340040391,0.277288657353594,0.0422390334572865,0.121345958543321
86,2,0.996752267926329,0.305426658104825,0.0424297681481367,0.119430215843334
86,3,2.74712343065446,0.360126541661942,0.03543210126565,0.0735589125924883
86,4,1.04290849031245,0.289210623362631,0.0397811735643602,0.114736261163649
86,5,0.79882401735035,0.293656231041002,0.0363073824572601,0.114620442524455
86,6,1.09846767520126,0.268909497280793,0.0422795018375155,0.115625569255382
86,7,1.22579007101967,0.244100709381757,0.0430346085870293,0.110499446319667
86,8,0.921582382904268,0.2679469012208,0.0364335726696435,0.100981585462176
86,9,1.06573389778562,0.276884990316734,0.0414316318384083,0.11587721093668
87,1,1.86750653551292,0.00674627494466239,0.0638949041873464,0.141426712445395
87,2,1.66665413780776,0.00674474754565099,0.0624747549009444,0.131697977459268
87,3,1.49749139378059,0.00674480833715556,0.0607789406639647,0.145088902251964
87,4,1.4405903334655,0.00675244777165014,0.0605395593704869,0.145766143583098
87,5,1.46726482108564,0.00673935291252863,0.0605834101068526,0.135266472787331
87,6,2.48973939136629,0.00675476784830618,0.0629108489967243,0.169788007600105
87,7,1.47546501682148,0.00674606811206765,0.0611962193014256,0.149254054606114
87,8,1.55510716052508,0.00674969830837183,0.0507024749433763,0.1073786719012
87,9,1.56553142198881,0.00674713106384667,0.0596962573551239,0.139421411586808
88,1,0.0184246641526707,0.227453560649797,0.114002386888503,0.431224392775204
88,3,1.15015503037289,0.00673798561880404,0.146534740962041,0.387193405965082
88,4,0.0183275562937181,0.198839817819019,0.121086579928531,0.447025588991095
88,5,0.018415152084079,0.206754018740375,0.119668005023094,0.435126057323927
88,2,0.0183312453477686,0.204483494337314,0.122408913353514,0.454429540522584
88,6,0.0183767855205545,0.182720984714296,0.12620823544075,0.443057429672493
88,7,0.0183231227854182,0.248103109591473,0.0882698439127184,0.309199255555205
88,8,0.0184282443598582,0.1588766703804,0.111913091208524,0.369023843614973
88,9,0.0183840495602485,0.188590990809469,0.119377206977148,0.426329724193239
89,1,0.460174874759519,0.0979457093469651,0.0285679553054684,0.0704365860418382
89,3,0.462895977037872,0.0922287997157897,0.0297592990473232,0.0819575857081761
89,4,0.474458462666888,0.0967777050054486,0.0288718628962627,0.07312917473498
89,5,0.0934009649103942,0.153363935949225,0.0113273141013459,0.0392810392601363
89,2,0.502330617995216,0.0937530725732253,0.0291915454846431,0.0714251652733523
89,6,0.477113701455453,0.0956678527183455,0.0292065129410809,0.0748941416977329
89,7,0.456208622916253,0.0995083462680313,0.0283716972834678,0.0707013873784125
89,8,0.460507512871367,0.101106522938518,0.0284377066659203,0.0604345645210356
89,9,0.471001454871524,0.101342013293498,0.0288014331438038,0.073898808106409
90,1,1.21158551830792,0.391539860697321,0.0625018190473756,0.169786745669554
90,4,1.43193244253646,0.39072500146678,0.0667656539436772,0.162997226111228
90,5,1.329716026061,0.367603305588418,0.0612363279904601,0.154884338328531
90,2,1.17917001908715,0.377531500952644,0.0658758561356439,0.182853763281062
90,3,2.00495783118997,0.358302868552503,0.0597889914601038,0.120750479321229
90,6,1.3833002345781,0.403102954373815,0.0647377181840669,0.176629913454033
90,7,1.48272670029727,0.474436280631562,0.060788568073616,0.169830099002044
90,8,1.26734103709127,0.383525457172196,0.0643433555112285,0.157206611381248
90,9,1.3920102618282,0.379442660999844,0.0634001176071059,0.159110959375369
91,1,1.30268696202721,0.218858623823572,0.0722652192654353,0.163668899759477
91,2,1.2129986469596,0.253864799582162,0.0752976413116809,0.189052524436779
91,3,1.3064191943527,0.219360675701833,0.0749315281878118,0.165380046870531
91,4,1.29628583621077,0.202032650783945,0.0779769077020418,0.172175518170192
91,5,1.3233341755956,0.229293935208633,0.0770021143229046,0.171575516466578
91,9,1.32912766020192,0.21368001316521,0.0778611133702515,0.16702601817996
91,6,1.62640996122684,0.220338275440919,0.076676719236409,0.175886189449161
91,7,1.02729987216886,0.349267584488697,0.0572277304689012,0.113813271861803
91,8,1.33753448497209,0.213402731136251,0.0750639211651923,0.169397721255612
92,1,1.4567915753231,0.00674280496041399,0.0694340309988055,0.139018794465829
92,2,1.32242376392382,0.00674581419592744,0.0779867853437399,0.164501543820324
92,3,1.29294115459198,0.00674658262047191,0.0787189021212601,0.172551786294431
92,4,1.42040880078599,0.00673937044294062,0.0802548005554181,0.17657628230798
92,5,1.29491944325963,0.00675842123461212,0.0814951972063961,0.182995031421204
92,6,1.32513103903951,0.00673807575414689,0.0816925233119497,0.185222329604598
92,7,1.06689959358825,0.00673813075307992,0.0648202973896626,0.121039869532524
92,8,1.53536594494952,0.00673844842106045,0.0747454395875607,0.15323364513341
92,9,1.42762598904988,0.0067398400747088,0.0803654002465975,0.167339342370728
93,1,0.0183188547195918,0.0214041807631991,0.0676541700391681,0.151236640249394
93,2,0.347288521456558,0.10951088047161,0.0574781399330195,0.148595985207268
93,3,0.0183162470999574,0.0435521970337734,0.0519518607615982,0.121041353676341
93,4,0.0183173995716064,0.00681645049636217,0.0694163126454033,0.15884608092488
93,5,0.0183165162612746,0.0311881174064269,0.0659872581582692,0.15685202117182
93,6,0.0183198844426784,0.0576815075813657,0.0696228364880654,0.177080906792731
93,7,0.0183185915075433,0.0345445427811867,0.065077301042294,0.158598701735722
93,8,0.0183173200909188,0.0313498373394843,0.0661790621001043,0.157997594191342
93,9,0.0183223384055478,0.0267129886164924,0.0665500788496669,0.160285443259576
94,1,0.0183652519027896,0.522591431944239,0.013278644883787,0.00717751569293143
94,2,0.0183170893635842,0.521223696779589,0.0176856311364449,0.00674702490834252
94,3,0.0183159245602554,0.529356724515327,0.0198202926363254,0.00676623458288879
94,4,0.0183188519556903,0.54744869249439,0.0306508299564059,0.00676497261957816
94,5,0.0183161272346177,0.545680977562284,0.0285899052373096,0.00677798484986754
94,6,0.0183165173797838,0.533676476831152,0.0199370952942799,0.00677948577001384
94,7,0.0183161994584138,0.53672049345903,0.0224537008686691,0.00676196685845107
94,8,0.0183181190282921,0.517286851652554,0.0219919122784117,0.00677673623708899
94,9,0.0183169967864389,0.576383999114647,0.0441452916238217,0.00676248906322074
95,1,0.175869424788493,0.259675919250919,0.0713059174666778,0.29208794793836
95,2,0.308748987086632,0.222096400987704,0.0664798003246702,0.245121033351602
95,3,0.132822077596535,0.230888267612243,0.0577822313369115,0.236552787131613
95,4,0.159582107253342,0.226709120549021,0.0659660223486566,0.2633737307462
95,5,0.205910628884,0.275455525180132,0.0479429110812891,0.157675014326865
95,6,1.7729168171596,0.00674276997116736,0.0766097924138862,0.19490502733963
95,7,1.3023139748497,0.00675815240402858,0.0880552636716568,0.216785860664604
95,8,1.33576314940252,0.00673835592104644,0.0817801167163524,0.195895167886106
95,9,1.31181112829857,0.00674360770445775,0.0822969084947119,0.198723599516435
97,1,1.85773975085105,0.449719636783018,0.0463639968751719,0.256051994203089
97,2,2.15375518465854,0.494904807223709,0.0497709756824586,0.268997972141499
97,3,1.90512098714285,0.427571436194096,0.0504088314592854,0.266912559483391
97,4,1.7733917605648,0.388257684442541,0.0412279830114808,0.205545210409088
97,5,1.8821767312587,0.459690729586554,0.0521457909176167,0.279808585929251
97,6,2.09385257505718,0.618606296175326,0.0527039260894964,0.358981260654937
97,7,1.82897898571823,0.467007353614867,0.0492682536835917,0.279680260966678
97,8,1.84453136562769,0.46014337298991,0.050030962087899,0.273811464986489
97,9,1.61241809900885,0.484691161209747,0.0457744136149087,0.25045246574828
98,1,1.4945219257374,5.99546638606306,1.19354239374115,3.26226729658357
98,5,1.68287666567102,5.02765768388797,1.04838788131637,2.59257190477365
98,2,1.52785441851431,6.55585678384945,1.25601702745835,3.45236697000818
98,3,1.4291457131884,4.74768476702137,0.936290179144245,2.60267134606406
98,4,1.45447012070621,5.24816977461344,1.10523240306983,2.85710835755712
98,9,1.41867739074581,5.22070679297167,1.10724056535984,2.92523867109128
98,6,1.48791050070621,20.3622862018876,4.14001318654995,2.23810930102269
98,7,1.39063885170809,5.71980225310258,1.21609432808558,3.07494596273122
98,8,1.42703583508395,5.12977412674636,1.03027534243525,2.8200746370893
99,1,2.17441782405806,0.673361896972501,0.0715839872290436,0.394858592927695
99,3,3.09488909288755,0.750879281362101,0.0758238430120498,0.399275755564519
99,4,2.67280991747797,0.667542122233762,0.0757702887877582,0.392914118296754
99,5,2.7406492049272,0.68142794002088,0.0752991178868521,0.378460024240294
99,2,2.86028301546454,0.814982753628566,0.0718807643111577,0.42936246195294
99,6,2.8349200344609,0.684330264415361,0.0780009382160293,0.402136741261185
99,7,2.49678467286851,0.58718890753106,0.0661488543467796,0.323449366576232
99,8,2.84079602262015,0.684768100034925,0.0777560009752059,0.398103644517131
99,9,2.96216967651812,0.647051632371104,0.0747373988257903,0.374322622977059
100,3,0.374879797662174,0.235348700005554,0.114908510077417,0.512827703993211
100,4,0.294456874164918,0.305815100095588,0.114276485883689,0.560016535842134
100,5,0.208992240778738,0.257790742394205,0.113702052470813,0.526132128521192
100,1,0.318494430710663,0.280974460649017,0.108734401665612,0.519009431514627
100,2,0.0410377568952891,0.338522687270779,0.0464005492912378,0.240762946041891
100,6,0.245747069715447,0.281841420841504,0.107976287660189,0.531514304824255
100,7,0.29544799413896,0.269988220500449,0.114915904745604,0.526929853464162
100,8,0.263860699767509,0.259856307575263,0.112651529982958,0.519579521139832
100,9,4.9785235533356,0.353766573857463,0.135031321991859,0.611764909538406
101,1,1.56965639304366,0.0827642670578536,0.0746402984862842,0.167236196757408
101,2,2.2303989154429,0.0820891551172161,0.0781855675850682,0.175636383169677
101,3,1.68872240980456,0.0597253672729909,0.0756049748147577,0.153096590550688
101,4,1.69503507035829,0.0595751594731968,0.074732353946223,0.159391904157791
101,8,1.62470399721063,0.0558248213458869,0.0729775860635674,0.157274496958348
101,6,1.61606406367729,0.0711245273375082,0.0732999622348176,0.158124059969787
101,7,1.9340684239725,0.0601949852109926,0.0550723368444591,0.104897470370311
101,9,1.76363680766211,0.0734300000849911,0.0760830332799659,0.170301950308694
101,5,1.44152873994367,0.0864281287216218,0.0644550491475375,0.115636421906728
102,1,0.0187137615144622,0.242762672237364,0.0832889355466874,0.435376966190625
102,2,0.0187571931151513,0.242024674693835,0.0841235928587857,0.457277448527406
102,3,0.0186535086402228,0.223284319894573,0.078760819232147,0.405312579954417
102,4,0.0185733195878174,0.211106988292913,0.0682636981489089,0.351851298773504
102,5,0.018502856722329,0.25568010064288,0.0860402196625726,0.440061552520531
102,6,0.0183904222485503,0.284171721566402,0.0858617295380513,0.47444370421215
102,7,0.0184034029246549,0.300055215821238,0.0739273691691277,0.409411829799303
102,8,0.0183444398178008,0.271387632190975,0.0839785270386128,0.457569520388584
102,9,0.0183974384428489,0.325556144399667,0.0828889148163062,0.49234950287072
103,1,0.0702109746800393,0.40299699578199,0.0396634974239674,0.166999678758023
103,2,0.0440080849210783,0.421901942580488,0.0341772108267602,0.154664149899742
103,3,0.062597054715186,0.419329194387297,0.0392647654563317,0.165116379586979
103,4,0.0560803058055349,0.418698800059221,0.0370420065114512,0.163700406452792
103,5,0.0802745007211547,0.423658655904827,0.0391608094044058,0.168003174260578
103,6,0.0608081266077086,0.416775432430131,0.039564101023433,0.166565722397199
103,7,0.0561613007937451,0.416948573273154,0.0388052733344611,0.172478131901152
103,8,0.0585246541694124,0.454571505053087,0.0287045575831309,0.146688266148494
103,9,0.0567806649087354,0.418134637165702,0.0388492420190784,0.166782101289424
104,1,0.710109559181764,0.154180078255622,0.0529425646942425,0.132967699602445
104,2,0.758495629100141,0.120896892886135,0.0546943107795623,0.143000628333128
104,3,0.837175859391244,0.116828386120119,0.0586786585656188,0.163252420992928
104,4,1.17973972459333,0.114049720269475,0.0557120426214296,0.154172036356357
104,5,0.808452139546564,0.129753530619236,0.0553638106796248,0.150131892230896
104,6,0.791705408478836,0.149918750041656,0.0492363522233593,0.131789995768483
104,7,0.75518888686307,0.129641035132215,0.0544079358466482,0.146642866265851
104,8,0.87894989556709,0.133159836513873,0.0556487827871545,0.143360609901635
104,9,0.732787388147392,0.156450712353864,0.0514578446495429,0.134482221277798
